,sample_id,date,group,sample_type,qaqc_type,Au,Au +/-,As,As +/-,Sb,Sb +/-,Ag,Ag +/-,Ba,Ba +/-,Bi,Bi +/-,Ca,Ca +/-,Cd,Cd +/-,Cl,Cl +/-,Co,Co +/-,Cr,Cr +/-,Cu,Cu +/-,Fe,Fe +/-,Hg,Hg +/-,K,K +/-,Mn,Mn +/-,Mo,Mo +/-,Ni,Ni +/-,P,P +/-,Pb,Pb +/-,Rb,Rb +/-,S,S +/-,Se,Se +/-,Sn,Sn +/-,Sr,Sr +/-,Ti,Ti +/-,U,U +/-,V,V +/-,Zn,Zn +/-,Zr,Zr +/-,Nb,Nb +/-,Pd,Pd +/-,Pt,Pt +/-,Rh,Rh +/-,Y,Y +/-,La,La +/-,Ce,Ce +/-,Pr,Pr +/-,Nd,Nd +/-,Sm,Sm +/-,comments
0,oreas24b,2021-10-06,group 2,standard,standard,1.8,0.9,11.1,1.8,-1.0,2.0,32.0,2.0,679.0,9.0,22.8,1.1,10235.0,82.0,-0.2,1.2,1048.0,64.0,15.5,0.5,163.0,4.0,33.1,1.7,42498.0,136.0,-1.6,0.9,31090.0,191.0,451.0,5.0,4.1,0.7,9.0,3.0,-660.0,731.0,20.5,1.0,162.6,1.1,2157.0,215.0,-7.1,0.7,11.0,2.0,118.8,1.5,4935.0,33.0,2.6,1.1,117.0,3.0,94.3,1.7,188.5,1.6,20.2,0.9,0.5,0.5,13.0,1.3,0.1,0.4,44.5,1.0,31.0,12.0,37.0,19.0,-71.0,20.0,34.0,20.0,22.0,15.0,
1,oreas22d,2021-10-06,group 2,standard,standard,1.0,0.6,0.2,1.0,1.7,2.0,-24.1,1.8,6.0,7.0,1.2,0.6,-443.0,7.0,1.2,1.0,-430.0,26.0,1.0,0.1,9.9,1.0,2.0,1.1,3291.0,16.0,-3.0,0.6,-42.0,14.0,80.4,1.7,2.7,0.3,2.4,1.3,1183.0,334.0,-1.3,0.5,0.4,0.2,-68.0,71.0,-0.7,0.4,-2.3,1.9,0.6,0.3,146.0,5.0,-1.1,0.7,2.3,0.6,-5.4,0.6,12.7,0.4,2.5,0.7,0.9,0.4,-1.0,0.8,0.3,0.3,1.6,0.6,12.0,9.0,-14.0,15.0,25.0,15.0,-7.0,15.0,24.0,12.0,
2,oreas24c,2021-10-06,group 2,standard,standard,2.8,1.0,1.2,1.7,-6.0,3.0,72.0,3.0,256.0,9.0,4.3,0.9,80141.0,404.0,2.7,1.3,2547.0,99.0,32.8,0.7,234.0,6.0,49.0,2.0,83177.0,281.0,2.1,1.1,10716.0,117.0,1072.0,10.0,1.5,0.7,28.0,5.0,-647.0,1394.0,3.3,1.0,20.5,0.5,1099.0,302.0,-8.6,0.8,4.0,3.0,405.0,3.0,12096.0,71.0,-2.2,1.2,124.0,5.0,98.5,1.9,123.6,1.5,25.9,1.0,-0.6,0.6,16.9,1.5,-0.5,0.4,30.7,0.9,-6.0,13.0,13.0,21.0,-22.0,22.0,37.0,22.0,21.0,18.0,
3,oreas901,2021-10-06,group 2,standard,standard,4.8,1.1,70.0,2.0,6.0,2.0,-17.0,2.0,197.0,8.0,27.1,1.1,564.0,41.0,2.5,1.2,1010.0,62.0,17.7,0.5,95.0,4.0,1275.0,7.0,39381.0,127.0,-0.3,0.9,41054.0,232.0,316.0,5.0,5.8,0.7,-12.0,3.0,207.0,653.0,17.8,1.0,168.2,1.1,807.0,181.0,-3.5,0.7,-4.0,2.0,33.0,0.8,3559.0,27.0,10.3,1.1,79.0,3.0,29.3,1.5,177.1,1.5,20.5,0.9,0.9,0.5,11.2,1.2,0.0,0.4,56.2,1.0,12.0,12.0,61.0,18.0,-10.0,19.0,26.0,19.0,7.0,14.0,
4,oreas501b,2021-10-06,group 2,standard,standard,2.5,1.0,14.7,1.9,-4.0,2.0,40.0,2.0,951.0,10.0,25.9,1.2,29292.0,165.0,1.1,1.2,1262.0,72.0,17.2,0.5,275.0,5.0,2267.0,11.0,45482.0,151.0,-0.2,1.0,36229.0,222.0,567.0,6.0,104.5,1.4,13.0,3.0,939.0,941.0,23.4,1.1,183.4,1.2,5110.0,285.0,-4.1,0.8,6.0,2.0,322.0,3.0,4966.0,35.0,2.4,1.2,141.0,3.0,97.0,2.0,221.7,1.9,24.4,1.0,0.3,0.5,13.7,1.4,0.3,0.4,35.4,1.0,34.0,12.0,52.0,19.0,-113.0,21.0,104.0,20.0,-26.0,16.0,
5,oreas45e,2021-10-06,group 2,standard,standard,9.8,1.7,11.0,3.0,-2.0,3.0,85.0,3.0,257.0,12.0,29.0,3.0,653.0,52.0,2.2,1.7,8891.0,181.0,158.0,3.0,1497.0,19.0,697.0,8.0,512099.0,2330.0,-1.2,1.6,7849.0,131.0,592.0,13.0,4.0,1.0,-189.0,13.0,-8883.0,1777.0,45.0,4.0,21.6,1.0,2711.0,536.0,-2.8,1.2,3.0,3.0,15.2,0.9,9325.0,86.0,9.7,1.6,242.0,8.0,56.0,2.0,205.0,2.0,25.0,1.4,4.0,0.7,13.0,2.0,1.4,0.5,23.4,1.3,1.0,17.0,5.0,27.0,-68.0,29.0,-6.0,29.0,-20.0,24.0,
6,oreas25a,2021-10-06,group 2,standard,standard,2.5,0.9,9.3,1.8,0.0,2.0,7.0,2.0,118.0,8.0,22.9,1.1,2889.0,45.0,0.4,1.2,2092.0,84.0,27.7,0.7,139.0,5.0,33.2,1.7,76334.0,243.0,-3.3,0.9,6436.0,81.0,539.0,7.0,4.7,0.9,-49.0,4.0,-2477.0,802.0,25.6,1.1,61.4,0.7,1593.0,241.0,-6.5,0.7,-3.0,2.0,45.1,0.9,13425.0,73.0,2.8,1.0,135.0,5.0,39.5,1.3,349.0,2.0,34.6,1.0,0.9,0.5,17.0,1.3,0.5,0.4,36.4,0.9,12.0,12.0,11.0,19.0,-21.0,20.0,38.0,20.0,-2.0,15.0,
7,oreas902,2021-10-06,group 2,standard,standard,20.8,1.8,499.0,5.0,-2.0,2.0,13.0,2.0,153.0,8.0,25.3,1.0,49102.0,236.0,1.5,1.2,735.0,65.0,34.3,0.4,74.0,3.0,2403.0,11.0,28142.0,94.0,-2.1,1.0,39307.0,226.0,455.0,5.0,14.3,0.7,108.0,4.0,972.0,999.0,12.0,0.9,107.1,0.9,15864.0,395.0,-1.7,0.7,-3.0,2.0,27.5,0.7,2331.0,21.0,6.9,1.0,50.0,2.0,27.6,1.8,144.8,1.3,14.8,0.9,0.0,0.5,1.3,1.2,0.4,0.4,28.1,0.9,24.0,12.0,91.0,18.0,12.0,19.0,42.0,19.0,3.0,15.0,
8,sio2blank,2021-10-06,group 2,standard,standard,-0.4,0.6,-1.5,1.0,2.3,1.9,-31.5,1.7,5.0,6.0,-0.5,0.5,-511.0,5.0,-0.1,1.0,-608.0,22.0,-0.1,0.0,-3.9,0.6,-4.1,1.0,-13.0,2.0,-2.0,0.6,-147.0,13.0,-1.8,0.6,-0.6,0.3,2.2,1.2,398.0,295.0,-1.0,0.5,-0.2,0.2,-110.0,62.0,-0.3,0.4,-1.7,1.9,-0.5,0.3,-13.6,1.6,-1.1,0.7,0.1,0.3,-11.5,0.5,-0.7,0.2,0.9,0.7,1.1,0.4,-1.5,0.7,0.1,0.3,0.2,0.6,-4.0,9.0,5.0,14.0,16.0,15.0,1.0,15.0,-5.0,12.0,
9,oreas503b,2021-10-06,group 2,standard,standard,3.5,1.1,15.0,2.0,0.0,3.0,41.0,2.0,874.0,10.0,22.5,1.2,31267.0,181.0,0.9,1.3,1782.0,81.0,21.9,0.6,245.0,5.0,4687.0,19.0,58498.0,197.0,1.5,1.0,37869.0,239.0,597.0,7.0,335.0,3.0,-31.0,4.0,1000.0,1040.0,24.9,1.2,163.8,1.2,9715.0,367.0,3.2,0.8,5.0,3.0,360.0,3.0,5055.0,37.0,3.1,1.3,145.0,4.0,128.0,3.0,193.3,1.8,21.4,1.0,0.4,0.6,6.1,1.4,0.4,0.4,35.5,1.1,14.0,13.0,30.0,20.0,-71.0,21.0,95.0,21.0,3.0,16.0,
10,oreas904,2021-10-06,group 2,standard,standard,6.1,1.2,93.0,3.0,8.0,3.0,-1.0,2.0,159.0,9.0,27.9,1.2,235.0,46.0,1.4,1.4,2283.0,83.0,33.0,0.7,101.0,5.0,5643.0,23.0,78611.0,265.0,-1.8,1.0,42488.0,270.0,474.0,7.0,4.3,0.8,-68.0,4.0,1367.0,896.0,8.7,1.1,134.6,1.1,2113.0,264.0,1.0,0.8,-3.0,3.0,26.3,0.8,3750.0,33.0,7.2,1.1,80.0,3.0,78.0,3.0,165.4,1.6,22.0,1.0,1.4,0.6,1.4,1.4,0.6,0.4,49.3,1.1,19.0,13.0,57.0,20.0,8.0,21.0,-8.0,21.0,50.0,16.0,
11,oreas502b,2021-10-06,group 2,standard,standard,2.2,1.1,16.0,2.0,0.0,3.0,42.0,2.0,858.0,11.0,27.4,1.2,31089.0,185.0,0.9,1.3,1975.0,86.0,23.0,0.6,275.0,6.0,6871.0,27.0,61070.0,208.0,1.0,1.0,38138.0,246.0,612.0,7.0,247.0,2.0,-39.0,4.0,881.0,1082.0,31.3,1.3,162.5,1.2,14300.0,431.0,5.7,0.9,11.0,3.0,335.0,3.0,5088.0,38.0,2.6,1.3,149.0,4.0,192.0,4.0,193.6,1.9,22.8,1.0,0.0,0.6,6.1,1.6,0.6,0.4,34.3,1.1,-20.0,13.0,73.0,20.0,-104.0,22.0,97.0,21.0,4.0,16.0,
12,oreas504b,2021-10-06,group 2,standard,standard,2.3,1.2,13.0,2.0,-2.0,3.0,32.0,3.0,654.0,10.0,21.0,1.2,34900.0,215.0,0.3,1.4,2752.0,99.0,33.5,0.8,125.0,5.0,9909.0,39.0,86832.0,308.0,3.9,1.1,39535.0,270.0,624.0,8.0,508.0,4.0,-86.0,4.0,2393.0,1271.0,24.2,1.3,101.2,1.0,19250.0,527.0,15.6,1.0,5.0,3.0,396.0,3.0,4558.0,39.0,2.4,1.3,136.0,4.0,210.0,4.0,120.9,1.6,13.4,1.0,0.6,0.6,-3.2,1.6,0.4,0.5,29.0,1.1,2.0,13.0,35.0,21.0,-98.0,23.0,59.0,22.0,21.0,17.0,
13,oreas45d,2021-10-06,group 2,standard,standard,2.4,1.2,10.0,2.0,-1.0,3.0,52.0,3.0,170.0,10.0,30.0,1.6,2065.0,52.0,3.1,1.4,5608.0,131.0,79.4,1.4,791.0,11.0,335.0,4.0,231342.0,862.0,-0.3,1.2,7514.0,107.0,584.0,10.0,2.9,0.9,-72.0,8.0,-4665.0,1281.0,20.2,1.9,40.1,0.8,3003.0,395.0,-4.4,0.9,-4.0,3.0,29.5,0.9,12393.0,85.0,5.9,1.2,188.0,6.0,45.8,1.8,281.0,2.0,28.1,1.1,1.4,0.6,14.5,1.6,0.2,0.4,28.3,1.1,5.0,14.0,55.0,23.0,0.0,24.0,27.0,24.0,-18.0,19.0,
14,oreas903,2021-10-06,group 2,standard,standard,2.9,1.0,43.0,2.0,7.0,2.0,11.0,2.0,163.0,8.0,29.2,1.1,6610.0,70.0,2.3,1.2,1106.0,66.0,19.4,0.5,104.0,4.0,5719.0,21.0,41170.0,134.0,-0.1,0.9,40038.0,236.0,728.0,7.0,5.0,0.7,1.0,3.0,2997.0,779.0,8.6,0.9,140.5,1.0,4346.0,254.0,3.5,0.7,-2.0,2.0,77.3,1.2,3167.0,26.0,6.2,1.1,68.0,3.0,71.0,3.0,149.0,1.4,16.0,0.9,0.7,0.5,2.2,1.2,-0.4,0.4,33.8,1.0,8.0,12.0,60.0,19.0,-26.0,20.0,20.0,19.0,9.0,15.0,
15,GR1-009,2021-10-06,group 2,soil,sample,1.2,0.9,12.5,1.9,0.0,2.0,-40.0,2.0,522.0,9.0,9.5,0.9,11395.0,83.0,2.5,1.3,808.0,60.0,11.9,0.4,65.0,3.0,15.9,1.5,37425.0,121.0,-3.3,0.9,14310.0,116.0,1086.0,8.0,12.1,0.9,-19.0,3.0,-166.0,699.0,38.3,1.1,70.5,0.7,926.0,182.0,-4.1,0.8,-12.0,2.0,303.0,3.0,4862.0,32.0,4.9,1.1,92.0,3.0,213.0,2.0,313.0,2.0,23.1,0.9,2.6,0.5,9.3,1.4,0.6,0.4,30.9,0.9,30.0,11.0,52.0,18.0,-36.0,19.0,83.0,18.0,32.0,14.0,
16,TE2-W10F,2021-10-06,group 2,sediment,field duplicate,2.9,0.9,16.0,3.0,6.0,3.0,-88.0,2.0,247.0,8.0,17.2,1.0,22321.0,120.0,2.7,1.4,921.0,58.0,10.9,0.4,99.0,3.0,50.1,1.8,40134.0,126.0,-13.0,0.8,6155.0,70.0,3286.0,16.0,27.9,1.0,-8.0,3.0,2105.0,776.0,90.2,1.5,35.7,0.6,4367.0,234.0,-1.8,0.8,-10.0,3.0,456.0,3.0,4537.0,30.0,13.4,1.1,108.0,3.0,238.0,2.0,233.0,2.0,62.5,1.0,5.9,0.6,4.8,1.4,2.2,0.4,67.7,1.0,86.0,11.0,110.0,18.0,1.0,18.0,67.0,18.0,16.0,13.0,
17,GR1-013,2021-10-06,group 2,soil,sample,-0.6,1.0,19.0,3.0,0.0,3.0,-53.0,2.0,372.0,9.0,10.8,1.0,23208.0,132.0,1.7,1.4,1209.0,67.0,14.5,0.5,59.0,3.0,15.9,1.6,47071.0,154.0,-3.6,1.0,9554.0,94.0,2704.0,15.0,1.6,0.9,-33.0,3.0,2904.0,859.0,108.5,1.7,43.1,0.6,3315.0,239.0,-2.1,0.8,-9.0,3.0,1023.0,6.0,6302.0,39.0,8.8,1.3,109.0,3.0,244.0,3.0,279.0,2.0,40.2,1.0,5.2,0.6,7.6,1.5,1.3,0.4,38.7,1.0,58.0,12.0,98.0,19.0,-21.0,19.0,72.0,19.0,-3.0,14.0,
18,TE2-005,2021-10-06,group 2,soil,sample,10.1,1.1,20.0,4.0,5.0,3.0,-64.0,2.0,585.0,10.0,34.4,1.4,10960.0,87.0,4.1,1.5,1568.0,76.0,-0.4,0.6,77.0,4.0,22.5,2.0,56111.0,193.0,-62.5,1.1,16548.0,135.0,20094.0,87.0,25.5,1.8,35.0,3.0,2255.0,873.0,181.0,2.0,137.9,1.1,4094.0,273.0,-17.0,1.1,-2.0,3.0,283.0,3.0,7043.0,44.0,13.6,1.3,156.0,4.0,380.0,3.0,1313.0,8.0,313.2,1.8,3.9,0.6,29.4,2.0,1.4,0.4,57.8,1.2,65.0,13.0,110.0,20.0,-10.0,21.0,116.0,20.0,45.0,15.0,
19,TE2-018,2021-10-06,group 2,soil,sample,0.5,0.8,27.0,3.0,8.0,3.0,-99.0,2.0,234.0,8.0,15.9,0.9,26541.0,127.0,1.2,1.4,591.0,49.0,9.3,0.4,70.0,3.0,51.2,1.7,28572.0,89.0,-8.9,0.8,6200.0,65.0,2146.0,11.0,9.0,0.8,-10.0,2.0,-267.0,687.0,92.4,1.4,43.8,0.6,3257.0,197.0,-0.6,0.8,-13.0,3.0,442.0,3.0,2813.0,21.0,15.3,1.1,83.0,2.0,305.0,3.0,196.2,1.9,38.3,0.9,7.6,0.6,2.4,1.4,2.6,0.4,64.7,0.9,43.0,11.0,67.0,17.0,47.0,18.0,83.0,17.0,32.0,13.0,
20,TE2-024,2021-10-06,group 2,soil,sample,1.5,0.9,6.3,1.7,1.0,3.0,-60.0,2.0,448.0,9.0,7.4,0.9,9295.0,74.0,2.3,1.3,624.0,58.0,11.7,0.4,56.0,3.0,10.2,1.5,34343.0,114.0,-2.9,0.9,13486.0,113.0,306.0,4.0,2.6,1.0,-30.0,3.0,-1104.0,660.0,16.2,0.9,43.7,0.6,1020.0,180.0,-4.5,0.7,-11.0,2.0,285.0,3.0,4171.0,30.0,4.4,1.1,77.0,3.0,47.9,1.3,522.0,3.0,23.1,0.9,3.0,0.6,8.7,1.2,0.9,0.4,28.0,0.9,-1.0,12.0,54.0,18.0,-8.0,19.0,31.0,19.0,5.0,14.0,
21,TE2-W02,2021-10-06,group 2,sediment,sample,2.1,0.9,5.6,1.9,-3.0,3.0,4.0,2.0,515.0,10.0,9.8,1.0,21454.0,129.0,5.7,1.4,277.0,60.0,12.6,0.4,44.0,3.0,9.0,1.6,32102.0,114.0,-12.8,0.9,16124.0,129.0,1365.0,9.0,8.8,1.2,-33.0,3.0,1620.0,788.0,19.3,1.0,49.9,0.7,1311.0,193.0,-6.9,0.7,-1.0,3.0,468.0,4.0,5158.0,34.0,10.1,1.2,89.0,3.0,66.4,1.6,619.0,4.0,66.2,1.1,3.1,0.6,11.7,1.3,0.9,0.4,47.1,1.0,32.0,13.0,68.0,21.0,10.0,22.0,95.0,22.0,24.0,16.0,
22,GR1-015,2021-10-06,group 2,soil,sample,3.8,1.0,14.0,2.0,4.0,3.0,-24.0,2.0,492.0,10.0,11.7,1.1,26799.0,161.0,-0.6,1.4,1803.0,86.0,18.5,0.7,61.0,4.0,8.9,1.7,69121.0,235.0,-17.7,1.0,14779.0,131.0,1751.0,12.0,3.9,1.1,-60.0,3.0,2763.0,1031.0,41.6,1.3,87.8,0.9,3314.0,281.0,-9.5,0.9,-2.0,3.0,1141.0,7.0,12103.0,68.0,9.6,1.5,151.0,4.0,223.0,3.0,400.0,3.0,99.5,1.2,2.5,0.6,17.9,1.7,1.2,0.4,52.0,1.1,39.0,13.0,51.0,20.0,-73.0,21.0,81.0,21.0,-9.0,16.0,
23,TE2-018L,2021-10-06,group 2,soil,lab duplicate,2.1,0.9,16.0,3.0,9.0,3.0,-98.0,2.0,242.0,8.0,14.7,0.9,27115.0,129.0,5.2,1.4,529.0,48.0,9.4,0.4,72.0,3.0,55.6,1.7,28266.0,88.0,-9.0,0.8,6045.0,65.0,2206.0,11.0,8.6,0.8,-9.0,2.0,-810.0,687.0,93.3,1.4,43.6,0.6,3560.0,202.0,-1.0,0.8,-13.0,3.0,436.0,3.0,2821.0,21.0,13.5,1.0,83.0,2.0,306.0,3.0,199.8,1.9,39.7,0.9,8.5,0.6,3.1,1.4,2.9,0.4,65.1,0.9,45.0,11.0,65.0,17.0,-9.0,18.0,54.0,17.0,31.0,13.0,
24,oreas45d,2021-10-07,group 1,standard,standard,4.6,1.2,15.0,2.0,0.0,3.0,49.0,3.0,173.0,10.0,28.1,1.6,2046.0,52.0,2.0,1.5,5460.0,130.0,79.5,1.4,776.0,11.0,339.0,5.0,231003.0,865.0,-0.6,1.2,7662.0,109.0,555.0,10.0,2.7,0.9,-80.0,8.0,-4552.0,1297.0,22.7,1.9,41.1,0.8,3073.0,399.0,-5.6,0.9,1.0,3.0,29.2,0.9,12505.0,86.0,2.7,1.2,192.0,6.0,44.2,1.8,279.0,2.0,28.5,1.2,0.9,0.6,15.2,1.6,0.9,0.4,28.6,1.1,-33.0,14.0,20.0,23.0,25.0,24.0,59.0,24.0,-28.0,19.0,
25,oreas504b,2021-10-07,group 1,standard,standard,6.2,1.2,16.0,2.0,1.0,3.0,42.0,3.0,690.0,11.0,20.3,1.2,35326.0,215.0,1.3,1.4,2946.0,100.0,31.4,0.8,120.0,5.0,9994.0,39.0,88049.0,308.0,3.9,1.1,40465.0,272.0,628.0,8.0,515.0,4.0,-73.0,4.0,4151.0,1282.0,26.5,1.3,101.6,1.0,18302.0,513.0,14.6,1.0,12.0,3.0,410.0,3.0,4607.0,39.0,0.9,1.3,141.0,4.0,195.0,4.0,127.6,1.6,12.7,1.0,1.6,0.6,-2.1,1.6,0.8,0.5,26.5,1.0,22.0,13.0,-14.0,21.0,-91.0,23.0,82.0,22.0,42.0,17.0,
26,TE2-020F,2021-10-07,group 1,soil,field duplicate,0.4,0.8,3.8,1.9,-1.0,2.0,-56.0,2.0,492.0,9.0,9.5,0.9,18147.0,109.0,1.5,1.3,627.0,57.0,9.6,0.4,75.0,3.0,26.2,1.6,31516.0,103.0,-6.7,0.8,16613.0,125.0,1053.0,8.0,1.9,0.8,-4.0,3.0,77.0,724.0,34.9,1.1,61.0,0.7,1204.0,184.0,-5.4,0.7,-14.0,2.0,401.0,3.0,3976.0,28.0,8.2,1.1,95.0,3.0,120.8,1.8,260.0,2.0,30.6,0.9,2.8,0.5,8.5,1.3,1.0,0.4,41.0,0.9,13.0,11.0,17.0,18.0,-33.0,19.0,62.0,18.0,40.0,14.0,
27,GR1-007,2021-10-07,group 1,soil,sample,3.8,1.1,20.0,4.0,11.0,3.0,-71.0,3.0,275.0,10.0,22.0,1.3,26979.0,166.0,-1.1,1.6,2184.0,93.0,29.8,0.8,65.0,5.0,18.8,1.8,84197.0,292.0,-14.2,1.1,10246.0,111.0,1094.0,9.0,5.1,1.1,-105.0,4.0,5390.0,1115.0,136.0,2.0,42.9,0.7,2589.0,285.0,-7.5,1.0,-4.0,3.0,605.0,5.0,13604.0,77.0,7.9,1.3,185.0,5.0,321.0,3.0,351.0,3.0,91.6,1.2,6.1,0.7,17.6,1.9,1.7,0.4,54.4,1.1,35.0,13.0,98.0,21.0,-21.0,21.0,84.0,21.0,10.0,16.0,
28,TE2-011,2021-10-07,group 1,soil,sample,2.1,0.9,18.0,2.0,1.0,3.0,-51.0,2.0,411.0,9.0,9.7,0.9,9396.0,76.0,2.2,1.4,1147.0,66.0,16.3,0.5,55.0,3.0,12.7,1.5,45941.0,150.0,-5.8,0.9,13054.0,112.0,521.0,6.0,13.5,1.1,-50.0,3.0,-464.0,717.0,54.6,1.3,61.4,0.7,1968.0,210.0,-6.8,0.7,-10.0,3.0,244.0,2.0,5915.0,38.0,5.8,1.1,97.0,3.0,94.9,1.7,494.0,3.0,41.1,1.0,3.2,0.6,12.9,1.3,2.0,0.4,33.0,0.9,11.0,12.0,81.0,19.0,-27.0,19.0,50.0,19.0,19.0,14.0,
29,TE2-003,2021-10-07,group 1,soil,sample,0.7,0.9,11.0,2.0,1.0,3.0,-34.0,2.0,456.0,9.0,13.3,1.0,13693.0,96.0,3.6,1.4,1143.0,68.0,15.1,0.5,79.0,4.0,19.3,1.6,46674.0,154.0,-6.0,0.9,12782.0,113.0,1240.0,9.0,4.4,0.9,-26.0,3.0,109.0,776.0,39.3,1.2,54.9,0.7,1516.0,209.0,-4.8,0.8,-10.0,3.0,407.0,3.0,6156.0,39.0,8.8,1.2,111.0,3.0,144.0,2.0,282.0,2.0,41.9,1.0,3.4,0.6,10.2,1.4,0.6,0.4,42.6,1.0,12.0,12.0,92.0,19.0,-19.0,20.0,52.0,19.0,24.0,15.0,
30,GR1-014,2021-10-07,group 1,soil,sample,4.3,1.1,18.0,3.0,1.0,3.0,-33.0,2.0,439.0,10.0,12.4,1.2,31218.0,179.0,6.1,1.5,1611.0,87.0,19.6,0.6,39.0,4.0,12.0,1.7,61432.0,215.0,-18.3,1.1,13512.0,125.0,796.0,8.0,1.3,1.1,-60.0,3.0,3625.0,1036.0,67.6,1.6,90.9,1.0,2800.0,268.0,-9.4,0.9,-7.0,3.0,1677.0,10.0,13136.0,72.0,15.2,1.7,133.0,4.0,170.0,2.0,359.0,3.0,108.1,1.3,3.1,0.6,18.6,1.6,0.6,0.4,51.5,1.1,47.0,13.0,119.0,21.0,16.0,21.0,85.0,21.0,9.0,16.0,
31,GR1-014L,2021-10-07,group 1,soil,lab duplicate,3.8,1.1,24.0,3.0,7.0,3.0,-30.0,2.0,436.0,10.0,10.5,1.2,31419.0,180.0,3.7,1.5,1696.0,88.0,18.9,0.6,44.0,4.0,11.4,1.7,61030.0,213.0,-17.3,1.1,13444.0,124.0,818.0,8.0,-0.3,1.1,-57.0,3.0,3977.0,1041.0,68.2,1.6,90.4,1.0,2480.0,263.0,-9.4,0.9,-7.0,3.0,1680.0,10.0,13205.0,73.0,14.9,1.7,136.0,4.0,173.0,2.0,356.0,3.0,106.4,1.3,3.7,0.6,18.2,1.6,0.9,0.4,52.5,1.1,43.0,13.0,134.0,21.0,-11.0,22.0,98.0,21.0,7.0,16.0,
32,oreas904,2021-10-13,group 1,standard,standard,3.2,1.2,91.0,3.0,6.0,3.0,6.0,2.0,176.0,9.0,28.5,1.2,271.0,46.0,1.3,1.3,2194.0,82.0,32.4,0.7,104.0,5.0,5643.0,23.0,77948.0,262.0,-0.8,1.0,42782.0,273.0,476.0,7.0,3.1,0.8,-65.0,4.0,2462.0,920.0,8.2,1.1,136.5,1.1,2507.0,273.0,0.9,0.8,2.0,3.0,26.9,0.8,3754.0,33.0,8.6,1.2,86.0,3.0,66.0,3.0,169.5,1.6,20.5,1.0,0.9,0.6,2.3,1.3,-0.1,0.4,49.7,1.1,25.0,13.0,60.0,20.0,-41.0,21.0,30.0,21.0,34.0,16.0,
33,oreas25a,2021-10-13,group 1,standard,standard,2.8,0.9,8.9,1.8,4.0,2.0,10.0,2.0,128.0,8.0,23.5,1.1,3005.0,46.0,2.4,1.2,2201.0,85.0,27.8,0.7,130.0,5.0,34.1,1.8,76279.0,243.0,-3.3,0.9,6269.0,81.0,555.0,7.0,4.5,0.8,-49.0,4.0,-913.0,830.0,24.3,1.1,61.0,0.7,1930.0,248.0,-6.7,0.7,4.0,2.0,47.6,1.0,13440.0,73.0,3.9,1.0,148.0,5.0,37.5,1.3,347.0,2.0,33.3,1.0,0.5,0.5,17.6,1.3,-0.0,0.4,36.6,0.9,25.0,12.0,53.0,19.0,-32.0,20.0,10.0,20.0,20.0,15.0,
34,oreas902,2021-10-13,group 1,standard,standard,15.6,1.7,505.0,5.0,3.0,2.0,21.0,2.0,153.0,8.0,25.4,1.0,49377.0,238.0,3.1,1.2,716.0,65.0,33.9,0.4,71.0,3.0,2399.0,11.0,28104.0,94.0,-1.4,1.0,39299.0,227.0,462.0,5.0,13.2,0.7,107.0,4.0,1696.0,1011.0,11.5,0.9,105.6,0.9,15998.0,397.0,-2.3,0.7,2.0,2.0,28.2,0.8,2330.0,21.0,7.6,1.0,57.0,2.0,21.3,1.8,147.9,1.4,13.4,0.9,0.0,0.5,3.6,1.2,-0.5,0.4,28.5,0.9,31.0,12.0,57.0,19.0,-22.0,20.0,24.0,19.0,14.0,15.0,
35,TE2-007,2021-10-13,group 1,soil,sample,6.1,1.1,24.0,3.0,4.0,3.0,-56.0,2.0,255.0,9.0,22.1,1.2,14854.0,107.0,2.8,1.4,1894.0,86.0,23.2,0.7,101.0,5.0,43.0,2.0,73843.0,246.0,-24.6,1.1,11140.0,111.0,2270.0,14.0,6.6,1.4,-31.0,4.0,1768.0,942.0,78.9,1.6,69.9,0.8,2821.0,268.0,-10.6,1.0,2.0,3.0,282.0,3.0,13113.0,72.0,4.7,1.2,177.0,5.0,284.0,3.0,858.0,5.0,144.5,1.3,2.9,0.6,19.7,1.7,1.4,0.4,49.0,1.1,20.0,13.0,98.0,20.0,20.0,20.0,94.0,20.0,23.0,15.0,
36,TE2-006,2021-10-13,group 1,soil,sample,2.0,0.9,15.0,2.0,1.0,2.0,-20.0,2.0,575.0,9.0,6.6,0.9,17233.0,107.0,-1.9,1.3,672.0,60.0,10.0,0.4,71.0,3.0,11.5,1.5,33892.0,111.0,-4.8,0.9,14438.0,116.0,1818.0,11.0,8.7,0.9,-16.0,3.0,1109.0,748.0,34.1,1.1,67.4,0.7,1213.0,188.0,-5.7,0.7,2.0,2.0,429.0,3.0,5384.0,34.0,4.1,1.1,104.0,3.0,150.0,2.0,316.0,2.0,32.8,0.9,1.5,0.5,10.6,1.3,0.3,0.4,43.4,0.9,23.0,12.0,57.0,18.0,-92.0,19.0,53.0,19.0,-2.0,14.0,
37,TE2-W07,2021-10-13,group 1,sediment,sample,5.4,1.1,21.0,2.0,-2.0,3.0,13.0,3.0,224.0,10.0,17.3,1.1,82442.0,403.0,0.7,1.4,1587.0,91.0,21.0,0.6,86.0,4.0,38.8,2.0,60095.0,213.0,-4.7,1.1,7600.0,96.0,2143.0,14.0,5.6,1.0,-46.0,4.0,9680.0,1394.0,37.7,1.3,37.7,0.7,4146.0,319.0,-5.2,1.0,1.0,3.0,963.0,6.0,12697.0,71.0,11.7,1.5,170.0,5.0,259.0,3.0,267.0,3.0,56.9,1.2,1.2,0.6,14.0,1.7,0.8,0.4,105.7,1.3,100.0,14.0,131.0,22.0,-22.0,23.0,45.0,23.0,24.0,17.0,
38,TE2-014,2021-10-13,group 1,soil,sample,5.4,1.0,20.0,2.0,2.0,3.0,-30.0,2.0,400.0,9.0,28.9,1.1,23315.0,131.0,3.2,1.3,929.0,62.0,8.5,0.4,244.0,5.0,20.7,1.6,37983.0,125.0,-14.1,0.9,11193.0,101.0,5346.0,25.0,80.0,1.4,13.0,3.0,2718.0,828.0,40.5,1.2,77.5,0.8,3189.0,229.0,-3.2,0.9,-4.0,2.0,552.0,4.0,4604.0,31.0,22.8,1.3,238.0,3.0,345.0,3.0,417.0,3.0,76.5,1.1,3.4,0.6,9.1,1.6,1.1,0.4,323.5,1.8,306.0,12.0,160.0,18.0,47.0,19.0,127.0,19.0,-2.0,14.0,
39,TE2-008,2021-10-13,group 1,soil,sample,0.3,0.8,4.8,1.9,4.0,2.0,-43.0,2.0,509.0,9.0,6.2,0.8,11909.0,82.0,3.0,1.2,405.0,53.0,8.6,0.4,55.0,3.0,10.8,1.4,27502.0,90.0,-4.0,0.8,15674.0,118.0,391.0,5.0,2.0,0.9,-12.0,2.0,-762.0,633.0,37.1,1.1,59.5,0.6,919.0,165.0,-5.7,0.7,-2.0,2.0,323.0,3.0,3950.0,27.0,3.5,1.0,80.0,2.0,79.9,1.5,391.0,3.0,20.8,0.9,2.5,0.5,10.7,1.2,0.1,0.4,27.0,0.9,8.0,11.0,73.0,17.0,-65.0,18.0,62.0,18.0,14.0,13.0,
40,TE2-010,2021-10-13,group 1,soil,sample,8.5,1.1,15.0,3.0,2.0,3.0,-22.0,3.0,344.0,10.0,18.3,1.2,38636.0,224.0,2.1,1.5,2560.0,104.0,27.6,0.8,67.0,5.0,12.9,1.9,88860.0,311.0,-34.5,1.1,13888.0,134.0,1624.0,12.0,20.5,1.3,-89.0,4.0,3444.0,1219.0,61.3,1.6,73.4,0.9,3227.0,316.0,-12.9,1.0,-2.0,3.0,615.0,5.0,16981.0,94.0,4.4,1.4,200.0,5.0,263.0,3.0,589.0,4.0,190.9,1.5,2.9,0.6,21.8,1.8,0.7,0.4,59.0,1.2,56.0,13.0,167.0,21.0,-28.0,22.0,63.0,21.0,18.0,16.0,
41,TE2-004,2021-10-13,group 1,soil,sample,1.3,0.8,4.7,1.8,1.0,2.0,-23.0,2.0,578.0,9.0,7.7,0.9,12649.0,86.0,2.7,1.2,364.0,54.0,8.1,0.4,52.0,3.0,7.3,1.4,24939.0,83.0,-6.8,0.8,16267.0,122.0,1223.0,8.0,24.0,1.1,-12.0,2.0,-414.0,644.0,27.5,1.0,73.7,0.7,372.0,155.0,-6.4,0.7,-3.0,2.0,361.0,3.0,3886.0,27.0,5.1,1.1,83.0,2.0,115.1,1.8,459.0,3.0,34.1,0.9,1.8,0.5,12.4,1.3,1.2,0.4,36.6,0.9,14.0,11.0,61.0,18.0,-63.0,19.0,100.0,18.0,10.0,14.0,
42,TE2-012,2021-10-13,group 1,soil,sample,1.3,0.9,13.0,3.0,7.0,3.0,-61.0,2.0,475.0,9.0,13.3,1.0,13263.0,92.0,2.3,1.4,933.0,65.0,10.4,0.5,84.0,4.0,12.0,1.5,40080.0,132.0,-4.2,0.9,14449.0,119.0,5076.0,24.0,55.9,1.3,-14.0,3.0,-24.0,746.0,80.1,1.5,69.4,0.7,2077.0,212.0,-5.5,0.8,-5.0,3.0,310.0,3.0,6072.0,38.0,4.8,1.1,128.0,3.0,220.0,2.0,417.0,3.0,34.1,1.0,5.5,0.6,11.8,1.5,1.5,0.4,49.3,1.0,44.0,12.0,71.0,18.0,-51.0,19.0,101.0,19.0,28.0,14.0,
43,TE2-007,2021-10-13,group 1,soil,sample,6.1,1.1,24.0,3.0,4.0,3.0,-56.0,2.0,255.0,9.0,22.1,1.2,14854.0,107.0,2.8,1.4,1894.0,86.0,23.2,0.7,101.0,5.0,43.0,2.0,73843.0,246.0,-24.6,1.1,11140.0,111.0,2270.0,14.0,6.6,1.4,-31.0,4.0,1768.0,942.0,78.9,1.6,69.9,0.8,2821.0,268.0,-10.6,1.0,2.0,3.0,282.0,3.0,13113.0,72.0,4.7,1.2,177.0,5.0,284.0,3.0,858.0,5.0,144.5,1.3,2.9,0.6,19.7,1.7,1.4,0.4,49.0,1.1,20.0,13.0,98.0,20.0,20.0,20.0,94.0,20.0,23.0,15.0,
44,GR1-W06,2021-10-13,group 1,sediment,sample,4.4,1.0,5.7,1.9,3.0,3.0,19.0,2.0,507.0,10.0,5.7,0.9,28799.0,157.0,3.1,1.4,560.0,70.0,14.1,0.5,48.0,3.0,12.6,1.6,42091.0,144.0,-10.0,0.9,14592.0,121.0,1097.0,8.0,4.6,1.1,-39.0,3.0,4159.0,892.0,18.4,1.0,44.3,0.7,1436.0,208.0,-7.8,0.8,4.0,3.0,515.0,4.0,11567.0,61.0,4.4,1.2,104.0,4.0,101.8,1.8,560.0,4.0,57.1,1.1,1.8,0.6,13.5,1.4,0.7,0.4,53.1,1.0,51.0,13.0,93.0,20.0,-62.0,22.0,56.0,21.0,-4.0,17.0,
45,TE2-020,2021-10-13,group 1,soil,sample,1.1,0.8,8.0,2.0,2.0,3.0,-54.0,2.0,491.0,9.0,10.2,0.9,17624.0,107.0,2.2,1.3,697.0,58.0,11.3,0.4,78.0,3.0,29.4,1.6,33974.0,111.0,-6.9,0.8,15814.0,121.0,1143.0,8.0,1.0,0.8,-12.0,3.0,309.0,729.0,43.3,1.1,65.5,0.7,1711.0,194.0,-5.5,0.7,-7.0,2.0,383.0,3.0,4086.0,28.0,3.2,1.1,100.0,3.0,140.7,2.0,244.0,2.0,32.8,0.9,2.9,0.6,10.4,1.3,1.6,0.4,39.7,0.9,31.0,12.0,52.0,18.0,-38.0,19.0,76.0,18.0,28.0,14.0,
46,TE2-W09,2021-10-13,group 1,sediment,sample,2.9,0.9,9.0,2.0,-1.0,2.0,-3.0,2.0,512.0,9.0,12.5,1.0,29264.0,153.0,2.0,1.3,599.0,59.0,10.0,0.4,130.0,4.0,18.5,1.6,34072.0,113.0,-13.0,0.9,13094.0,109.0,2052.0,12.0,10.7,1.0,-8.0,3.0,1898.0,825.0,34.9,1.1,72.5,0.8,3240.0,225.0,-5.5,0.8,6.0,2.0,601.0,4.0,4244.0,29.0,7.6,1.2,144.0,3.0,217.0,2.0,407.0,3.0,69.5,1.1,1.1,0.5,11.5,1.5,0.9,0.4,130.7,1.2,87.0,12.0,85.0,19.0,-60.0,20.0,98.0,20.0,17.0,15.0,
47,TE2-W06,2021-10-13,group 1,sediment,sample,1.8,0.9,4.2,1.8,3.0,2.0,-10.0,2.0,590.0,9.0,7.3,0.9,22153.0,126.0,1.9,1.3,402.0,58.0,9.5,0.4,38.0,3.0,11.8,1.5,28016.0,95.0,-4.8,0.8,16568.0,125.0,1199.0,8.0,8.1,1.1,-15.0,2.0,1322.0,753.0,18.1,1.0,52.1,0.6,1414.0,186.0,-5.1,0.7,-1.0,2.0,419.0,3.0,5090.0,33.0,4.6,1.1,80.0,3.0,129.0,1.9,544.0,3.0,23.7,0.9,2.3,0.5,9.2,1.3,0.8,0.4,49.5,1.0,14.0,12.0,33.0,19.0,-148.0,20.0,105.0,19.0,10.0,15.0,
48,GR1-021,2021-10-13,group 1,soil,sample,2.3,0.9,5.7,1.9,2.0,2.0,-19.0,2.0,535.0,9.0,9.0,0.9,19092.0,112.0,2.8,1.2,319.0,55.0,7.8,0.4,81.0,3.0,14.3,1.5,25453.0,86.0,-9.9,0.8,16088.0,121.0,1035.0,7.0,7.7,1.0,-14.0,2.0,648.0,708.0,29.5,1.0,63.2,0.7,1080.0,174.0,-8.1,0.7,-3.0,2.0,427.0,3.0,4857.0,31.0,3.5,1.1,93.0,3.0,102.0,1.7,446.0,3.0,51.5,1.0,2.3,0.5,13.8,1.3,0.4,0.4,50.7,1.0,44.0,12.0,80.0,18.0,-57.0,19.0,115.0,19.0,16.0,14.0,
49,TE2-008L,2021-10-13,group 1,soil,lab duplicate,0.6,0.8,6.5,1.9,1.0,2.0,-40.0,2.0,535.0,9.0,4.4,0.8,11972.0,83.0,0.2,1.3,352.0,52.0,9.0,0.4,62.0,3.0,7.2,1.4,25503.0,84.0,-3.9,0.8,15163.0,116.0,387.0,4.0,2.7,0.8,-10.0,2.0,-473.0,634.0,31.9,1.0,55.2,0.6,924.0,165.0,-4.4,0.6,-4.0,2.0,327.0,3.0,3583.0,26.0,3.4,1.0,74.0,2.0,74.3,1.5,338.0,2.0,18.0,0.9,2.3,0.5,7.8,1.2,1.0,0.4,24.1,0.8,11.0,11.0,7.0,18.0,-51.0,19.0,66.0,18.0,-5.0,14.0,
50,oreas24b,2021-10-14,group 2,standard,standard,1.5,0.9,7.2,1.8,-1.0,2.0,31.0,2.0,670.0,9.0,22.8,1.1,10335.0,83.0,1.1,1.2,1043.0,64.0,14.8,0.5,159.0,4.0,31.4,1.7,42662.0,136.0,0.5,0.9,31369.0,194.0,446.0,5.0,4.7,0.7,12.0,3.0,724.0,759.0,20.7,1.0,163.1,1.1,2602.0,224.0,-6.9,0.7,6.0,2.0,116.2,1.4,4948.0,34.0,3.1,1.1,123.0,3.0,96.3,1.7,186.2,1.6,23.0,0.9,-0.3,0.5,13.6,1.3,0.4,0.4,44.1,1.0,10.0,12.0,70.0,18.0,-100.0,20.0,86.0,19.0,11.0,15.0,
51,oreas22d,2021-10-14,group 2,standard,standard,-0.1,0.6,1.1,1.1,2.4,2.0,-27.1,1.8,7.0,7.0,1.7,0.6,-437.0,7.0,0.6,1.0,-490.0,25.0,1.0,0.1,9.4,1.1,2.5,1.1,3265.0,16.0,-2.3,0.6,-62.0,14.0,81.5,1.7,2.2,0.3,2.9,1.3,1155.0,338.0,-0.7,0.6,0.4,0.2,14.0,74.0,-0.3,0.4,2.1,1.9,0.6,0.3,164.0,5.0,-0.5,0.7,2.9,0.6,-4.7,0.6,13.4,0.4,3.1,0.7,1.0,0.4,-1.6,0.8,0.0,0.3,2.5,0.6,-10.0,9.0,11.0,15.0,18.0,15.0,43.0,15.0,10.0,12.0,
52,oreas24c,2021-10-14,group 2,standard,standard,1.8,0.9,2.8,1.7,0.0,3.0,72.0,3.0,280.0,9.0,5.8,0.9,81165.0,410.0,1.6,1.3,2408.0,97.0,30.7,0.7,234.0,6.0,49.0,2.0,83035.0,280.0,1.5,1.0,11032.0,119.0,1074.0,10.0,2.2,0.7,33.0,5.0,-2135.0,1391.0,4.1,1.0,20.8,0.5,838.0,300.0,-8.2,0.8,7.0,3.0,404.0,3.0,12064.0,71.0,-1.0,1.2,131.0,5.0,97.8,1.9,124.4,1.5,26.4,1.0,0.5,0.6,15.6,1.4,0.1,0.4,29.1,0.9,-4.0,13.0,29.0,21.0,-57.0,22.0,37.0,22.0,-10.0,18.0,
53,oreas45e,2021-10-14,group 2,standard,standard,4.7,1.6,7.0,3.0,1.0,3.0,89.0,3.0,254.0,12.0,37.0,3.0,637.0,53.0,3.8,1.7,8743.0,180.0,153.0,3.0,1529.0,19.0,689.0,8.0,512835.0,2327.0,-0.5,1.6,7985.0,133.0,598.0,14.0,4.7,1.0,-171.0,13.0,-3515.0,1868.0,27.0,4.0,20.7,1.0,3695.0,557.0,-0.2,1.2,3.0,3.0,16.2,0.9,9472.0,87.0,13.0,1.7,249.0,8.0,57.0,2.0,202.0,2.0,24.0,1.4,4.4,0.7,8.8,2.0,1.2,0.5,25.4,1.3,-7.0,17.0,-35.0,27.0,-45.0,29.0,40.0,30.0,3.0,24.0,
54,GR1-023,2021-10-14,group 2,soil,sample,4.8,1.1,20.0,3.0,0.0,3.0,-51.0,3.0,301.0,10.0,21.4,1.2,28402.0,173.0,3.1,1.5,2293.0,96.0,28.3,0.8,76.0,5.0,19.9,1.9,88862.0,310.0,-25.3,1.1,10142.0,110.0,1341.0,11.0,3.2,1.1,-94.0,4.0,7220.0,1161.0,66.4,1.6,58.4,0.8,4745.0,322.0,-7.8,0.9,-4.0,3.0,857.0,6.0,15096.0,84.0,9.4,1.5,176.0,5.0,183.0,3.0,425.0,3.0,145.4,1.4,3.7,0.6,15.2,1.7,1.3,0.4,65.1,1.2,66.0,13.0,127.0,21.0,-3.0,22.0,90.0,21.0,-15.0,16.0,
55,TE2-044,2021-10-14,group 2,soil,sample,5.2,1.1,28.0,3.0,-5.0,3.0,-36.0,3.0,550.0,10.0,11.1,1.2,29097.0,174.0,2.4,1.5,1693.0,95.0,24.1,0.7,40.0,4.0,15.6,1.8,69792.0,246.0,-25.1,1.1,13259.0,126.0,1723.0,12.0,3.4,1.1,-80.0,4.0,3438.0,1077.0,128.0,2.0,72.1,0.9,3173.0,288.0,-9.3,1.0,1.0,3.0,1250.0,8.0,18997.0,100.0,8.2,1.6,194.0,5.0,204.0,3.0,406.0,3.0,138.3,1.4,4.1,0.6,18.4,1.7,1.8,0.4,44.9,1.1,42.0,13.0,112.0,21.0,-64.0,22.0,108.0,21.0,27.0,16.0,
56,GR1-008,2021-10-14,group 2,soil,sample,-0.3,1.0,32.0,4.0,-1.0,3.0,-74.0,2.0,425.0,9.0,13.9,1.1,16930.0,103.0,3.9,1.5,810.0,62.0,13.3,0.5,65.0,3.0,29.0,1.7,40365.0,132.0,-8.8,0.9,11148.0,98.0,2972.0,15.0,2.4,0.9,-21.0,3.0,816.0,741.0,222.0,2.0,55.5,0.7,3562.0,226.0,-4.0,0.8,-2.0,3.0,402.0,3.0,6781.0,39.0,9.4,1.1,135.0,3.0,215.0,2.0,300.0,3.0,60.3,1.0,6.6,0.6,11.1,1.5,2.1,0.4,38.5,1.0,24.0,12.0,71.0,19.0,-39.0,19.0,51.0,19.0,17.0,14.0,
57,TE2-033,2021-10-14,group 2,soil,sample,3.2,1.0,6.0,2.0,2.0,3.0,-29.0,2.0,402.0,10.0,37.9,1.3,26980.0,160.0,2.2,1.4,1722.0,85.0,21.7,0.6,73.0,4.0,13.3,1.7,66396.0,226.0,-12.5,1.0,10613.0,109.0,2294.0,14.0,0.4,1.0,-68.0,3.0,6565.0,1057.0,36.8,1.3,40.7,0.7,2145.0,259.0,-6.0,0.9,-6.0,3.0,1002.0,7.0,12176.0,68.0,6.2,1.4,159.0,4.0,246.0,3.0,302.0,3.0,68.8,1.1,2.9,0.6,11.2,1.6,1.8,0.4,60.5,1.1,50.0,13.0,166.0,20.0,-4.0,21.0,80.0,21.0,6.0,16.0,
58,GR1-030F,2021-10-14,group 2,soil,field duplicate,4.6,1.0,31.0,4.0,5.0,3.0,-77.0,2.0,426.0,9.0,21.1,1.2,17972.0,107.0,4.5,1.4,1045.0,63.0,13.5,0.5,86.0,3.0,21.9,1.7,41539.0,135.0,-29.7,0.9,11813.0,102.0,2106.0,12.0,2.0,1.1,-24.0,3.0,311.0,747.0,183.0,2.0,92.4,0.8,3396.0,225.0,-8.6,0.9,-4.0,3.0,664.0,5.0,5289.0,33.0,10.8,1.2,133.0,3.0,249.0,3.0,566.0,4.0,150.4,1.3,4.1,0.6,16.8,1.6,1.7,0.4,48.8,1.0,37.0,12.0,148.0,18.0,-31.0,19.0,69.0,19.0,24.0,14.0,
59,TE2-016,2021-10-14,group 2,soil,sample,0.5,0.8,9.0,2.0,-1.0,3.0,-73.0,2.0,435.0,9.0,9.3,0.9,18977.0,109.0,3.0,1.4,531.0,54.0,10.6,0.4,52.0,3.0,16.5,1.5,33007.0,107.0,-12.9,0.8,11244.0,97.0,723.0,6.0,1.7,1.1,-16.0,3.0,-314.0,702.0,33.5,1.1,57.4,0.7,2629.0,202.0,-6.7,0.7,-2.0,3.0,438.0,3.0,3977.0,27.0,6.0,1.1,86.0,2.0,136.0,1.9,635.0,4.0,64.6,1.0,5.2,0.6,11.2,1.3,1.7,0.4,38.7,0.9,20.0,11.0,89.0,18.0,17.0,19.0,97.0,18.0,12.0,14.0,
60,GR1-020,2021-10-14,group 2,soil,field duplicate,1.0,0.8,6.7,1.9,4.0,3.0,-61.0,2.0,475.0,9.0,5.6,0.8,8535.0,69.0,0.9,1.4,226.0,53.0,8.2,0.4,44.0,3.0,5.0,1.4,24834.0,84.0,-3.4,0.9,12442.0,106.0,221.0,4.0,10.1,1.0,-23.0,2.0,-1792.0,590.0,31.8,1.0,42.1,0.6,656.0,158.0,-5.8,0.6,-9.0,3.0,329.0,3.0,4225.0,29.0,5.7,1.1,65.0,2.0,36.8,1.2,369.0,3.0,29.2,0.9,3.6,0.6,9.3,1.1,1.0,0.4,25.9,0.9,23.0,12.0,25.0,18.0,-31.0,19.0,62.0,18.0,24.0,14.0,
61,GR1-016,2021-10-14,group 2,soil,sample,4.4,1.0,17.0,3.0,1.0,3.0,-64.0,2.0,379.0,9.0,18.0,1.1,13046.0,88.0,1.7,1.4,795.0,60.0,10.7,0.4,62.0,3.0,20.1,1.6,36256.0,119.0,-26.1,0.9,14010.0,112.0,3147.0,16.0,11.3,1.1,-16.0,3.0,675.0,705.0,130.0,1.7,99.5,0.9,3137.0,216.0,-10.1,0.9,-1.0,3.0,336.0,3.0,5242.0,33.0,9.2,1.1,103.0,3.0,280.0,3.0,542.0,4.0,129.5,1.2,4.7,0.6,18.1,1.6,0.8,0.4,42.8,1.0,38.0,12.0,67.0,18.0,-24.0,19.0,58.0,19.0,30.0,14.0,
62,TE2-022,2021-10-14,group 2,soil,sample,4.9,1.1,13.0,3.0,6.0,3.0,-38.0,2.0,496.0,10.0,15.1,1.2,25216.0,160.0,1.3,1.5,2374.0,98.0,25.0,0.7,63.0,5.0,13.4,1.8,84558.0,291.0,-21.6,1.1,16720.0,146.0,1791.0,13.0,3.0,1.2,-85.0,4.0,11945.0,1207.0,51.8,1.5,94.6,1.0,3257.0,302.0,-10.0,0.9,0.0,3.0,978.0,6.0,15833.0,87.0,4.0,1.5,170.0,5.0,166.0,2.0,470.0,4.0,122.9,1.3,4.5,0.6,18.8,1.6,1.3,0.4,51.3,1.1,47.0,13.0,121.0,20.0,-41.0,21.0,81.0,21.0,28.0,16.0,
63,TE2-017,2021-10-14,group 2,soil,sample,-1.0,0.9,40.0,4.0,10.0,3.0,-128.0,2.0,201.0,9.0,16.3,0.9,21505.0,98.0,3.8,1.6,199.0,38.0,5.9,0.3,38.9,1.9,41.1,1.6,18754.0,62.0,-17.4,0.8,4281.0,49.0,1645.0,8.0,3.5,0.8,1.0,2.0,81.0,557.0,177.3,1.8,33.9,0.5,3977.0,175.0,1.9,0.7,-12.0,3.0,535.0,4.0,1653.0,14.0,27.6,1.1,54.4,1.5,255.0,2.0,174.0,2.0,71.3,1.0,12.6,0.7,-2.1,1.3,5.0,0.5,56.2,0.9,37.0,12.0,78.0,18.0,17.0,19.0,72.0,18.0,45.0,13.0,
64,TE2-043,2021-10-14,group 2,soil,sample,2.6,1.0,9.0,2.0,0.0,3.0,-30.0,2.0,674.0,10.0,11.9,1.1,39717.0,220.0,3.9,1.4,1896.0,90.0,14.6,0.6,55.0,4.0,25.9,1.9,66504.0,231.0,-10.4,1.0,14160.0,131.0,5481.0,29.0,1.3,1.0,-43.0,3.0,23021.0,1338.0,24.8,1.2,94.2,1.0,3599.0,299.0,-6.7,0.9,-2.0,3.0,1452.0,9.0,11872.0,68.0,6.5,1.6,174.0,5.0,274.0,3.0,292.0,3.0,67.8,1.2,3.5,0.6,14.9,1.7,1.3,0.4,51.2,1.1,37.0,13.0,124.0,20.0,-67.0,21.0,100.0,21.0,31.0,16.0,
65,GR1-019,2021-10-14,group 2,soil,sample,0.1,0.8,13.0,2.0,4.0,2.0,-104.0,2.0,201.0,8.0,19.1,0.9,972.0,24.0,3.3,1.3,-194.0,39.0,3.1,0.2,42.3,1.9,18.4,1.4,8278.0,32.0,-5.8,0.8,5646.0,58.0,152.0,2.0,10.8,1.0,-1.8,1.7,4.0,390.0,71.9,1.2,16.6,0.4,979.0,116.0,-1.0,0.5,-9.0,2.0,61.4,1.1,4120.0,24.0,11.4,0.9,64.8,2.0,22.5,1.0,491.0,3.0,32.7,0.8,6.1,0.6,0.6,0.9,2.4,0.4,54.6,0.9,14.0,11.0,61.0,16.0,11.0,17.0,57.0,17.0,41.0,12.0,
66,GR1-017,2021-10-14,group 2,soil,sample,11.2,1.0,27.0,3.0,9.0,3.0,-80.0,2.0,190.0,9.0,21.3,1.2,5503.0,58.0,2.5,1.4,1264.0,63.0,15.3,0.5,65.0,3.0,14.7,1.8,53152.0,174.0,-60.7,1.0,18004.0,134.0,1702.0,11.0,5.7,1.8,-38.0,3.0,796.0,712.0,111.7,1.7,176.3,1.2,2744.0,221.0,-21.9,1.0,0.0,3.0,120.6,1.7,3389.0,27.0,15.2,1.2,80.0,3.0,306.0,3.0,1575.0,9.0,304.1,1.7,3.9,0.6,36.2,1.8,1.3,0.4,46.5,1.1,49.0,12.0,109.0,19.0,13.0,19.0,56.0,19.0,29.0,14.0,
67,GR1-029,2021-10-14,group 2,soil,sample,8.3,1.1,40.0,4.0,9.0,3.0,-58.0,2.0,504.0,10.0,38.2,1.4,25140.0,151.0,2.9,1.5,1250.0,75.0,17.0,0.6,103.0,4.0,11.4,1.8,53109.0,188.0,-47.5,1.1,13343.0,122.0,3229.0,18.0,2.4,1.4,-45.0,3.0,925.0,926.0,122.0,1.9,82.0,0.9,2629.0,251.0,-12.3,1.0,2.0,3.0,1208.0,8.0,6071.0,41.0,14.0,1.6,165.0,4.0,369.0,4.0,774.0,5.0,245.5,1.7,3.1,0.6,18.0,1.9,1.5,0.4,87.9,1.3,100.0,13.0,245.0,21.0,-69.0,21.0,77.0,21.0,15.0,15.0,
68,GR1-W04,2021-10-14,group 2,sediment,sample,3.4,0.9,7.1,1.9,-4.0,3.0,-12.0,2.0,554.0,9.0,7.3,0.9,19616.0,115.0,0.5,1.3,357.0,58.0,10.3,0.4,58.0,3.0,18.4,1.6,26204.0,91.0,-7.0,0.9,16399.0,124.0,553.0,5.0,6.3,1.2,-17.0,2.0,313.0,717.0,27.5,1.0,53.9,0.7,3256.0,215.0,-7.7,0.7,-7.0,2.0,412.0,3.0,5673.0,35.0,6.2,1.2,95.0,3.0,109.0,1.8,733.0,4.0,39.1,1.0,1.1,0.5,13.5,1.3,0.9,0.4,53.7,1.0,20.0,12.0,61.0,19.0,-97.0,20.0,80.0,20.0,5.0,15.0,
69,GR1-028,2021-10-14,group 2,soil,sample,0.1,0.8,11.0,2.0,6.0,2.0,-104.0,2.0,163.0,8.0,16.6,0.8,1460.0,27.0,3.1,1.3,105.0,42.0,4.3,0.2,37.0,2.0,8.3,1.3,13836.0,47.0,-8.3,0.8,5744.0,58.0,196.0,3.0,5.4,0.9,-6.2,1.8,-893.0,402.0,68.6,1.2,21.6,0.4,1356.0,129.0,-2.5,0.6,-11.0,2.0,69.4,1.1,4271.0,24.0,10.8,0.9,75.0,2.0,36.2,1.1,444.0,3.0,49.3,0.9,7.6,0.6,5.1,1.0,3.0,0.4,46.3,0.8,28.0,11.0,77.0,16.0,0.0,17.0,72.0,16.0,30.0,12.0,
70,GR1-034,2021-10-14,group 2,soil,sample,0.8,0.9,15.0,3.0,5.0,3.0,-82.0,2.0,349.0,9.0,7.5,0.9,20671.0,125.0,3.7,1.5,1047.0,72.0,15.3,0.5,38.0,3.0,9.6,1.5,46142.0,154.0,-5.5,0.9,10106.0,100.0,430.0,5.0,1.2,1.0,-44.0,3.0,1771.0,849.0,57.9,1.3,35.1,0.6,2374.0,229.0,-3.7,0.7,-2.0,3.0,642.0,5.0,9592.0,54.0,6.9,1.2,116.0,4.0,89.4,1.7,336.0,3.0,39.0,1.0,6.4,0.6,8.2,1.3,2.6,0.4,35.0,0.9,-5.0,12.0,42.0,19.0,-25.0,20.0,89.0,20.0,29.0,15.0,
71,TE2-010F,2021-10-14,group 2,soil,sample,8.0,1.1,19.0,3.0,-1.0,3.0,-7.0,3.0,324.0,10.0,17.0,1.2,40571.0,231.0,-1.1,1.5,2370.0,100.0,27.9,0.8,68.0,5.0,12.7,1.8,89907.0,312.0,-31.1,1.1,11842.0,122.0,1798.0,13.0,16.3,1.2,-92.0,4.0,3405.0,1220.0,49.1,1.5,68.5,0.8,3409.0,317.0,-11.1,1.0,3.0,3.0,597.0,5.0,16633.0,92.0,7.2,1.4,191.0,5.0,290.0,3.0,495.0,4.0,178.0,1.5,3.0,0.6,19.1,1.8,0.9,0.4,61.1,1.2,43.0,14.0,189.0,22.0,-24.0,22.0,36.0,22.0,19.0,17.0,
72,TE2-002,2021-10-14,group 2,soil,sample,0.0,0.9,14.0,2.0,3.0,3.0,-70.0,2.0,388.0,9.0,14.2,1.0,8388.0,68.0,1.9,1.3,807.0,59.0,10.6,0.4,79.0,3.0,10.8,1.5,35544.0,114.0,-11.3,0.8,11568.0,100.0,1464.0,9.0,10.1,0.9,-15.0,3.0,-873.0,640.0,69.0,1.3,51.3,0.6,2253.0,197.0,-5.7,0.8,-5.0,2.0,333.0,3.0,4713.0,31.0,6.9,1.1,95.0,3.0,240.0,3.0,347.0,3.0,57.9,1.0,4.1,0.6,10.9,1.4,1.8,0.4,35.3,0.9,23.0,11.0,102.0,18.0,-19.0,19.0,65.0,18.0,26.0,14.0,
73,TE2-036,2021-10-14,group 2,soil,sample,0.8,1.0,34.0,4.0,7.0,3.0,-72.0,2.0,317.0,9.0,13.4,1.1,18319.0,112.0,-1.0,1.5,865.0,69.0,18.1,0.5,53.0,3.0,23.5,1.7,42248.0,143.0,-9.1,1.0,9872.0,96.0,398.0,5.0,1.8,1.2,-43.0,3.0,1294.0,778.0,178.0,2.0,37.3,0.6,2483.0,217.0,-7.6,0.8,2.0,3.0,361.0,3.0,10388.0,55.0,8.2,1.2,127.0,4.0,143.0,2.0,641.0,4.0,64.8,1.1,4.6,0.6,16.4,1.5,1.2,0.4,42.5,1.0,14.0,12.0,40.0,19.0,-20.0,20.0,49.0,20.0,-5.0,15.0,
74,GR1-027,2021-10-14,group 2,soil,sample,2.0,0.9,1.9,1.7,0.0,2.0,-25.0,2.0,560.0,9.0,7.3,0.9,13009.0,88.0,2.1,1.3,477.0,56.0,10.8,0.4,60.0,3.0,13.9,1.5,29823.0,98.0,-3.6,0.8,16616.0,124.0,648.0,6.0,2.3,0.9,-10.0,3.0,284.0,674.0,20.8,1.0,65.6,0.7,491.0,162.0,-5.6,0.7,-4.0,2.0,324.0,3.0,4173.0,29.0,3.9,1.1,85.0,3.0,92.2,1.6,407.0,3.0,22.9,0.9,1.4,0.5,10.2,1.2,0.5,0.4,36.6,0.9,7.0,12.0,47.0,18.0,-95.0,19.0,114.0,19.0,3.0,14.0,
75,TE2-021,2021-10-14,group 2,soil,sample,-1.2,0.9,35.0,4.0,10.0,3.0,-118.0,2.0,275.0,8.0,20.4,1.0,4653.0,42.0,6.0,1.4,136.0,42.0,5.3,0.3,49.0,2.0,53.5,1.7,15447.0,52.0,-6.3,0.8,6463.0,62.0,336.0,3.0,1.9,1.0,16.0,2.0,-53.0,452.0,264.0,2.0,31.7,0.5,2121.0,147.0,-1.4,0.7,-2.0,3.0,195.0,2.0,3742.0,23.0,13.4,1.0,82.0,2.0,166.2,2.0,433.0,3.0,42.9,0.9,8.7,0.6,4.1,1.2,3.2,0.4,55.1,0.9,20.0,11.0,25.0,17.0,-3.0,17.0,70.0,17.0,57.0,13.0,
76,TE2-021L,2021-10-14,group 2,soil,lab duplicate,-2.3,0.9,42.0,5.0,8.0,3.0,-119.0,2.0,273.0,8.0,19.8,1.0,4938.0,43.0,7.6,1.5,54.0,41.0,5.1,0.3,50.0,2.0,56.7,1.7,15946.0,53.0,-6.3,0.8,6378.0,62.0,379.0,4.0,0.7,1.0,18.0,2.0,-464.0,449.0,284.0,2.0,33.7,0.5,2465.0,152.0,-0.4,0.7,-4.0,3.0,207.0,2.0,3686.0,22.0,13.1,1.0,86.0,2.0,182.0,2.0,418.0,3.0,47.5,0.9,9.5,0.6,2.8,1.2,3.7,0.4,55.2,0.9,37.0,11.0,55.0,17.0,12.0,18.0,56.0,17.0,42.0,13.0,
77,TE2-036L,2021-10-14,group 2,soil,lab duplicate,1.5,1.1,43.0,4.0,1.0,3.0,-62.0,2.0,327.0,9.0,12.4,1.1,16041.0,102.0,1.9,1.5,885.0,68.0,18.5,0.5,62.0,3.0,25.8,1.7,43564.0,147.0,-9.2,1.0,9804.0,94.0,381.0,5.0,4.5,1.2,-48.0,3.0,399.0,747.0,189.0,2.0,38.0,0.6,3372.0,229.0,-6.0,0.8,2.0,3.0,354.0,3.0,9904.0,53.0,10.9,1.2,127.0,4.0,155.0,2.0,592.0,4.0,69.2,1.1,4.8,0.6,14.7,1.5,1.4,0.4,40.6,1.0,4.0,13.0,85.0,20.0,-22.0,20.0,52.0,20.0,21.0,15.0,
78,TE2-017L,2021-10-14,group 2,soil,lab duplicate,-1.8,0.9,42.0,4.0,10.0,3.0,-132.0,2.0,190.0,8.0,17.9,1.0,21026.0,95.0,-0.8,1.6,167.0,37.0,5.4,0.3,41.7,1.9,42.7,1.6,18674.0,61.0,-15.6,0.8,4279.0,48.0,1617.0,8.0,4.1,0.8,2.0,2.0,-2073.0,522.0,177.2,1.8,33.1,0.5,4064.0,174.0,-0.2,0.7,-9.0,3.0,528.0,4.0,1614.0,13.0,28.9,1.1,55.6,1.5,248.0,2.0,165.4,1.9,71.2,1.0,13.7,0.7,0.6,1.3,4.9,0.5,54.5,0.9,12.0,12.0,61.0,18.0,1.0,18.0,46.0,18.0,39.0,13.0,
79,GR1-030FL,2021-10-14,group 2,soil,lab duplicate,3.2,1.0,21.0,4.0,3.0,3.0,-77.0,2.0,433.0,9.0,19.8,1.1,17525.0,104.0,4.0,1.4,1007.0,61.0,11.8,0.5,81.0,3.0,25.6,1.7,40578.0,131.0,-29.0,0.9,11200.0,97.0,2164.0,12.0,3.1,1.1,-16.0,3.0,-541.0,716.0,189.0,2.0,94.8,0.8,3270.0,218.0,-7.2,0.9,1.0,3.0,652.0,5.0,5094.0,32.0,11.4,1.2,131.0,3.0,253.0,3.0,548.0,4.0,150.5,1.2,5.2,0.6,14.4,1.5,1.0,0.4,48.7,1.0,74.0,12.0,141.0,18.0,-52.0,19.0,66.0,18.0,20.0,14.0,
80,GR1-W04L,2021-10-14,group 2,soil,lab duplicate,2.9,0.9,5.4,1.9,2.0,2.0,-9.0,2.0,570.0,9.0,4.5,0.9,18907.0,111.0,-0.9,1.3,112.0,53.0,9.6,0.4,48.0,3.0,12.5,1.5,24083.0,83.0,-5.0,0.9,15841.0,120.0,519.0,5.0,8.0,1.1,-19.0,2.0,430.0,694.0,25.6,1.0,55.4,0.7,3042.0,205.0,-7.6,0.7,0.0,2.0,410.0,3.0,4919.0,31.0,6.0,1.1,84.0,3.0,97.2,1.7,582.0,4.0,32.7,1.0,1.0,0.5,13.7,1.3,0.8,0.4,49.5,1.0,5.0,12.0,45.0,19.0,-82.0,20.0,95.0,19.0,12.0,15.0,
81,oreas24b,2021-10-21,group 2,standard,standard,2.3,0.9,11.3,1.8,-2.0,2.0,35.0,2.0,663.0,9.0,21.0,1.0,10301.0,82.0,-0.8,1.2,1097.0,65.0,15.0,0.5,158.0,4.0,33.0,1.7,42630.0,136.0,-1.4,0.9,31367.0,193.0,462.0,5.0,3.8,0.7,7.0,3.0,60.0,748.0,21.9,1.0,161.2,1.1,2350.0,220.0,-6.0,0.7,6.0,2.0,116.5,1.4,5033.0,34.0,2.5,1.1,119.0,3.0,96.2,1.7,189.5,1.6,20.8,0.9,0.4,0.5,12.2,1.3,0.4,0.4,45.7,1.0,25.0,12.0,79.0,19.0,-119.0,20.0,78.0,19.0,15.0,15.0,
82,oreas22d,2021-10-21,group 2,standard,standard,0.6,0.6,1.5,1.1,-1.4,2.0,-23.4,1.8,2.0,7.0,1.0,0.6,-365.0,8.0,1.2,1.0,-457.0,26.0,1.0,0.1,88.1,1.9,1.6,1.1,3447.0,16.0,-4.0,0.6,-34.0,15.0,89.3,1.8,2.6,0.3,16.2,1.5,721.0,331.0,-0.9,0.6,0.8,0.2,7.0,75.0,-0.3,0.4,-2.3,1.9,0.6,0.3,177.0,5.0,-0.2,0.7,2.3,0.6,-4.2,0.6,11.7,0.4,3.1,0.7,0.1,0.4,-1.6,0.8,-0.1,0.3,2.1,0.6,10.0,9.0,-15.0,15.0,23.0,15.0,44.0,15.0,28.0,12.0,
83,oreas24c,2021-10-21,group 2,standard,standard,4.0,1.0,5.0,1.6,3.0,3.0,71.0,2.0,273.0,9.0,5.6,0.9,80560.0,407.0,1.2,1.3,2515.0,99.0,31.5,0.7,248.0,6.0,49.0,2.0,83777.0,283.0,1.8,1.1,10900.0,118.0,1069.0,10.0,1.9,0.7,37.0,5.0,1966.0,1424.0,3.4,1.0,19.2,0.5,1548.0,310.0,-8.3,0.8,8.0,3.0,400.0,3.0,12203.0,72.0,1.0,1.2,116.0,5.0,99.5,1.9,123.0,1.5,26.8,1.0,-1.9,0.5,17.1,1.5,0.0,0.4,31.3,0.9,5.0,13.0,27.0,21.0,-52.0,22.0,1.0,22.0,3.0,18.0,
84,oreas45e,2021-10-21,group 2,standard,standard,5.2,1.6,15.0,3.0,-2.0,3.0,86.0,3.0,262.0,12.0,38.0,3.0,691.0,53.0,-0.9,1.7,8489.0,176.0,154.0,3.0,1500.0,19.0,701.0,8.0,510931.0,2319.0,0.5,1.6,7700.0,130.0,599.0,14.0,2.6,1.0,-181.0,13.0,-4316.0,1860.0,36.0,4.0,18.6,1.0,4399.0,568.0,-0.9,1.2,4.0,3.0,13.1,0.9,9532.0,87.0,14.4,1.7,254.0,8.0,50.0,2.0,206.0,2.0,22.2,1.4,5.5,0.7,9.8,2.0,1.5,0.5,23.6,1.3,-22.0,17.0,25.0,27.0,-59.0,29.0,15.0,29.0,61.0,24.0,
85,TE2-023,2021-10-21,group 2,soil,sample,0.9,0.9,6.0,2.0,6.0,3.0,-54.0,2.0,571.0,9.0,5.1,0.9,18179.0,113.0,1.9,1.4,543.0,59.0,9.5,0.4,65.0,3.0,11.7,1.5,29739.0,101.0,-5.2,0.8,15785.0,126.0,2212.0,13.0,2.7,0.9,-8.0,3.0,125.0,751.0,37.9,1.1,69.5,0.7,1341.0,193.0,-5.1,0.7,-5.0,3.0,353.0,3.0,3763.0,28.0,4.4,1.1,86.0,3.0,117.0,1.9,350.0,3.0,21.4,0.9,4.3,0.6,10.2,1.3,0.3,0.4,32.2,0.9,14.0,12.0,23.0,18.0,-50.0,19.0,105.0,19.0,9.0,14.0,
86,GR1-W05,2021-10-21,group 2,sediment,sample,2.3,1.0,9.0,2.0,-2.0,3.0,-30.0,2.0,394.0,10.0,12.4,1.0,53633.0,267.0,0.2,1.4,871.0,78.0,13.6,0.5,102.0,4.0,15.7,1.7,44009.0,153.0,-6.7,1.0,14332.0,126.0,2211.0,14.0,6.4,0.9,-23.0,3.0,8560.0,1148.0,23.6,1.1,53.7,0.7,1101.0,234.0,-7.2,0.8,-2.0,3.0,585.0,4.0,11410.0,63.0,9.1,1.3,150.0,4.0,139.0,2.0,238.0,2.0,50.6,1.1,2.0,0.6,12.5,1.5,0.9,0.4,90.8,1.2,87.0,13.0,49.0,20.0,-47.0,21.0,108.0,21.0,19.0,16.0,
87,GR1-033,2021-10-21,group 2,soil,sample,-1.0,1.0,50.0,5.0,10.0,3.0,-110.0,2.0,314.0,9.0,11.2,1.1,13826.0,90.0,2.9,1.6,1097.0,65.0,14.3,0.5,49.0,3.0,14.2,1.6,48195.0,158.0,-6.9,1.0,9094.0,88.0,352.0,5.0,1.4,1.0,-37.0,3.0,1556.0,739.0,225.0,2.0,31.9,0.6,2791.0,215.0,-4.7,0.8,-2.0,3.0,977.0,7.0,8458.0,46.0,16.6,1.3,103.0,3.0,127.2,2.0,306.0,3.0,61.4,1.0,7.9,0.7,12.6,1.4,4.0,0.5,37.7,1.0,19.0,12.0,91.0,19.0,-17.0,20.0,82.0,19.0,24.0,14.0,
88,TE2-040F,2021-10-21,group 2,soil,field duplicate,-0.2,0.9,14.0,3.0,6.0,3.0,-86.0,2.0,414.0,9.0,9.3,0.9,5664.0,53.0,4.3,1.4,258.0,53.0,6.9,0.3,35.0,3.0,9.8,1.4,23513.0,78.0,-5.6,0.8,10545.0,91.0,184.0,3.0,2.2,1.1,-16.0,2.0,-54.0,554.0,92.7,1.4,33.7,0.5,1403.0,161.0,-5.4,0.7,-1.0,3.0,364.0,3.0,6740.0,37.0,5.1,1.0,89.0,3.0,37.5,1.2,583.0,4.0,37.7,0.9,5.9,0.6,11.5,1.1,1.5,0.4,27.5,0.9,-2.0,11.0,32.0,17.0,-33.0,18.0,57.0,18.0,25.0,13.0,
89,GR1-024,2021-10-21,group 2,soil,sample,0.3,0.8,13.0,2.0,4.0,3.0,-75.0,2.0,461.0,9.0,7.5,0.9,7732.0,65.0,0.7,1.4,621.0,56.0,9.3,0.4,56.0,3.0,11.2,1.4,31951.0,103.0,-5.0,0.8,14396.0,113.0,878.0,7.0,1.9,0.9,-15.0,2.0,158.0,634.0,45.3,1.1,60.2,0.7,879.0,167.0,-5.4,0.7,-9.0,2.0,286.0,3.0,4363.0,29.0,4.0,1.0,77.0,3.0,100.3,1.7,405.0,3.0,21.3,0.9,5.5,0.6,9.9,1.2,2.2,0.4,25.4,0.9,-5.0,11.0,69.0,17.0,-34.0,19.0,83.0,18.0,38.0,13.0,
90,TE2-042,2021-10-21,group 2,soil,sample,1.6,1.0,24.0,3.0,3.0,3.0,-71.0,2.0,426.0,10.0,9.8,1.1,31293.0,173.0,2.1,1.5,1647.0,80.0,18.8,0.6,76.0,4.0,17.9,1.7,62168.0,209.0,-13.4,1.0,9235.0,98.0,2178.0,13.0,2.0,1.0,-48.0,3.0,3417.0,1002.0,97.1,1.7,32.4,0.6,3790.0,274.0,-4.7,0.9,-5.0,3.0,1418.0,9.0,10248.0,58.0,6.2,1.5,164.0,4.0,218.0,3.0,304.0,3.0,77.4,1.1,5.6,0.6,11.4,1.6,2.0,0.4,64.6,1.1,45.0,13.0,152.0,20.0,-27.0,20.0,77.0,20.0,20.0,15.0,
91,GR1-018,2021-10-21,group 2,soil,sample,5.0,1.0,25.0,3.0,5.0,3.0,-81.0,2.0,166.0,9.0,22.5,1.2,12654.0,92.0,2.9,1.6,1400.0,73.0,19.2,0.6,105.0,4.0,24.6,1.8,54010.0,184.0,-27.0,1.0,9052.0,95.0,3575.0,19.0,6.2,1.2,-51.0,3.0,1199.0,809.0,102.6,1.7,70.5,0.8,2853.0,239.0,-12.6,1.1,-9.0,3.0,291.0,3.0,6257.0,41.0,9.5,1.2,146.0,3.0,510.0,4.0,505.0,4.0,144.2,1.3,6.6,0.7,25.0,2.0,2.5,0.5,53.2,1.1,80.0,13.0,149.0,20.0,11.0,21.0,41.0,20.0,4.0,15.0,
92,TE2-045,2021-10-21,group 2,soil,sample,2.8,1.1,21.0,3.0,3.0,3.0,-38.0,3.0,524.0,11.0,9.0,1.2,31347.0,198.0,0.6,1.6,2553.0,111.0,33.2,0.9,75.0,5.0,18.3,1.9,98273.0,354.0,-16.2,1.1,11112.0,123.0,1537.0,12.0,2.2,1.1,-112.0,4.0,12070.0,1336.0,65.0,1.7,37.2,0.7,3444.0,333.0,-7.2,1.0,-1.0,3.0,1054.0,7.0,21340.0,118.0,7.1,1.6,221.0,6.0,218.0,3.0,325.0,3.0,100.5,1.3,2.9,0.6,17.1,1.8,2.7,0.5,48.6,1.1,54.0,14.0,86.0,22.0,-52.0,23.0,76.0,22.0,17.0,17.0,
93,GR1-022,2021-10-21,group 2,soil,sample,4.4,1.0,19.0,3.0,9.0,3.0,-75.0,2.0,536.0,10.0,71.0,1.5,21242.0,126.0,3.0,1.5,1176.0,69.0,15.1,0.5,119.0,4.0,27.9,1.8,51987.0,172.0,-32.6,1.0,11269.0,104.0,4373.0,22.0,7.6,1.5,-21.0,3.0,793.0,846.0,97.7,1.7,89.9,0.9,3146.0,242.0,-9.8,0.9,-6.0,3.0,700.0,5.0,7379.0,44.0,13.6,1.3,178.0,4.0,277.0,3.0,915.0,6.0,179.1,1.4,4.9,0.6,17.6,1.7,1.2,0.4,71.8,1.1,44.0,12.0,162.0,19.0,-33.0,20.0,34.0,19.0,38.0,14.0,
94,TE2-048,2021-10-21,group 2,soil,sample,0.9,0.9,10.0,2.0,1.0,3.0,-75.0,2.0,346.0,8.0,8.7,0.9,12236.0,82.0,2.2,1.3,928.0,61.0,14.0,0.5,49.0,3.0,16.0,1.5,40627.0,128.0,-7.8,0.8,9999.0,91.0,383.0,5.0,3.3,0.9,-38.0,3.0,753.0,695.0,61.7,1.3,50.9,0.6,3323.0,216.0,-4.2,0.7,-5.0,2.0,474.0,3.0,7327.0,41.0,8.5,1.1,98.0,3.0,90.7,1.6,382.0,3.0,40.4,0.9,4.6,0.6,9.4,1.2,1.2,0.4,36.4,0.9,12.0,11.0,56.0,18.0,-15.0,18.0,70.0,18.0,20.0,14.0,
95,TE2-031,2021-10-21,group 2,soil,sample,1.2,0.9,16.0,3.0,1.0,3.0,-86.0,2.0,421.0,9.0,8.4,0.9,10983.0,78.0,1.2,1.4,591.0,58.0,12.1,0.4,55.0,3.0,9.9,1.5,32611.0,108.0,-6.6,0.9,11937.0,102.0,396.0,5.0,0.4,1.1,-32.0,2.0,1279.0,672.0,80.6,1.4,54.5,0.7,1404.0,179.0,-5.6,0.7,-6.0,3.0,356.0,3.0,6348.0,37.0,5.5,1.1,94.0,3.0,72.4,1.5,570.0,4.0,39.7,1.0,5.7,0.6,10.3,1.2,2.0,0.4,33.5,0.9,-6.0,12.0,34.0,18.0,-22.0,19.0,73.0,19.0,34.0,14.0,
96,TE2-026,2021-10-21,group 2,soil,sample,3.6,0.9,9.0,2.0,2.0,3.0,-30.0,2.0,488.0,9.0,17.1,1.0,17249.0,109.0,2.4,1.3,852.0,63.0,12.2,0.4,95.0,4.0,32.4,1.7,36886.0,123.0,-15.0,0.9,17710.0,133.0,1584.0,10.0,2.3,1.0,-16.0,3.0,-141.0,749.0,43.5,1.2,79.1,0.8,1339.0,195.0,-8.4,0.8,-2.0,3.0,447.0,3.0,4842.0,33.0,5.1,1.2,124.0,3.0,145.0,2.0,426.0,3.0,75.2,1.1,3.0,0.6,13.9,1.4,0.4,0.4,55.0,1.0,64.0,12.0,50.0,19.0,-15.0,20.0,59.0,19.0,23.0,15.0,
97,TE2-025,2021-10-21,group 2,soil,sample,1.7,0.9,13.0,3.0,4.0,3.0,-95.0,2.0,382.0,9.0,10.5,0.9,8840.0,69.0,2.2,1.4,923.0,59.0,14.8,0.5,75.0,3.0,12.1,1.5,40558.0,129.0,-8.1,0.8,12611.0,104.0,960.0,7.0,4.7,1.0,-39.0,3.0,484.0,672.0,66.2,1.3,59.2,0.7,2463.0,202.0,-3.8,0.7,-6.0,3.0,370.0,3.0,4986.0,32.0,7.5,1.1,104.0,3.0,135.8,1.9,380.0,3.0,41.7,0.9,6.4,0.6,8.2,1.3,2.2,0.4,46.4,0.9,26.0,12.0,73.0,18.0,-48.0,19.0,67.0,18.0,32.0,14.0,
98,GR1-030,2021-10-21,group 2,soil,sample,2.1,1.0,30.0,4.0,11.0,3.0,-102.0,2.0,402.0,10.0,17.4,1.1,17518.0,107.0,3.7,1.6,940.0,61.0,14.9,0.5,85.0,3.0,28.8,1.8,45382.0,151.0,-18.3,0.9,12180.0,105.0,1596.0,10.0,2.8,1.3,-25.0,3.0,-1319.0,734.0,137.2,1.8,80.1,0.8,2658.0,216.0,-5.3,0.9,-10.0,3.0,638.0,5.0,4800.0,32.0,11.6,1.2,115.0,3.0,296.0,3.0,553.0,4.0,94.5,1.1,9.3,0.7,10.5,1.6,2.8,0.5,49.1,1.0,27.0,13.0,125.0,20.0,-32.0,20.0,73.0,20.0,40.0,15.0,
99,GR1-040F,2021-10-21,group 2,soil,field duplicate,4.0,1.1,12.0,2.0,0.0,3.0,-20.0,2.0,343.0,10.0,9.5,1.1,49285.0,259.0,2.4,1.5,1732.0,92.0,20.4,0.7,62.0,4.0,17.1,1.8,64778.0,229.0,-13.6,1.1,5801.0,83.0,1127.0,9.0,0.9,1.0,-65.0,4.0,10748.0,1239.0,32.1,1.3,13.3,0.6,3199.0,290.0,-6.3,0.9,0.0,3.0,2092.0,12.0,15601.0,84.0,7.2,1.8,174.0,5.0,157.0,2.0,255.0,3.0,81.0,1.2,3.0,0.6,14.5,1.6,0.9,0.4,76.5,1.2,89.0,13.0,192.0,21.0,-63.0,22.0,60.0,22.0,-16.0,16.0,
100,TE2-013,2021-10-21,group 2,soil,sample,2.1,1.0,17.0,3.0,5.0,3.0,-80.0,3.0,155.0,9.0,14.5,1.1,30766.0,184.0,1.4,1.6,2599.0,97.0,33.1,0.8,46.0,5.0,23.2,1.8,97341.0,334.0,-9.4,1.1,7197.0,93.0,1400.0,11.0,6.3,1.0,-107.0,4.0,3119.0,1147.0,52.4,1.5,31.7,0.6,3735.0,313.0,-7.8,1.0,-11.0,3.0,467.0,4.0,13570.0,77.0,6.7,1.3,192.0,5.0,373.0,4.0,289.0,3.0,68.0,1.2,5.7,0.7,16.8,1.9,1.4,0.4,42.7,1.0,43.0,13.0,54.0,21.0,9.0,21.0,45.0,21.0,6.0,16.0,
101,TE2-W08,2021-10-21,group 2,sediment,sample,-0.2,0.8,1.4,1.6,2.0,2.0,-36.0,2.0,585.0,9.0,4.1,0.8,20185.0,113.0,1.3,1.3,171.0,51.0,6.9,0.3,48.0,3.0,3.9,1.3,21689.0,73.0,-5.2,0.8,15236.0,115.0,823.0,6.0,7.1,0.8,-9.0,2.0,343.0,683.0,18.7,0.9,59.3,0.7,1699.0,178.0,-5.0,0.7,-3.0,2.0,467.0,3.0,3844.0,26.0,6.9,1.1,73.0,2.0,117.5,1.8,292.0,2.0,30.7,0.9,2.0,0.5,8.8,1.2,0.2,0.4,42.7,0.9,34.0,11.0,44.0,18.0,-71.0,19.0,84.0,18.0,28.0,14.0,
102,TE2-030,2021-10-21,group 2,soil,sample,1.4,0.9,9.0,2.0,2.0,3.0,-61.0,2.0,418.0,9.0,11.4,0.9,11409.0,83.0,1.3,1.3,894.0,62.0,13.9,0.5,55.0,3.0,11.2,1.5,40829.0,132.0,-6.2,0.9,12219.0,106.0,537.0,6.0,2.2,0.9,-37.0,3.0,1755.0,733.0,38.9,1.1,57.9,0.7,1668.0,197.0,-5.4,0.7,-8.0,2.0,387.0,3.0,5907.0,37.0,5.2,1.1,93.0,3.0,88.5,1.6,332.0,3.0,37.5,1.0,3.1,0.6,10.5,1.3,1.4,0.4,32.4,0.9,32.0,12.0,96.0,18.0,-4.0,19.0,62.0,18.0,11.0,14.0,
103,GR1-050F,2021-10-21,group 2,soil,field duplicate,-1.0,0.8,10.0,2.0,-1.0,2.0,-57.0,2.0,544.0,9.0,8.4,0.9,13458.0,82.0,1.0,1.3,125.0,47.0,6.1,0.3,40.0,2.0,16.4,1.4,18461.0,62.0,-3.7,0.8,11440.0,92.0,406.0,4.0,1.3,0.9,-7.0,2.0,473.0,585.0,94.7,1.4,49.1,0.6,2451.0,173.0,-2.5,0.6,-4.0,2.0,404.0,3.0,3791.0,24.0,6.3,1.0,79.0,2.0,81.8,1.5,362.0,3.0,24.0,0.9,4.4,0.5,5.6,1.1,1.3,0.4,26.5,0.8,11.0,11.0,60.0,17.0,-63.0,18.0,65.0,17.0,18.0,13.0,
104,GR1-020F,2021-10-21,group 2,soil,field duplicate,-0.1,0.8,13.0,2.0,4.0,3.0,-103.0,2.0,331.0,9.0,7.2,0.8,5344.0,51.0,1.8,1.4,576.0,53.0,11.4,0.4,37.0,3.0,5.1,1.3,31435.0,101.0,-7.0,0.8,9627.0,87.0,198.0,3.0,19.5,1.1,-33.0,2.0,-1658.0,554.0,53.6,1.2,35.9,0.5,1460.0,168.0,-5.0,0.7,-8.0,3.0,250.0,2.0,4587.0,29.0,9.3,1.0,71.0,2.0,62.5,1.4,410.0,3.0,33.8,0.9,6.2,0.6,9.8,1.2,2.1,0.4,29.8,0.8,29.0,11.0,71.0,18.0,-11.0,18.0,33.0,18.0,13.0,13.0,
105,TE2-015,2021-10-21,group 2,soil,sample,5.8,1.1,40.0,4.0,12.0,3.0,-109.0,3.0,325.0,10.0,35.6,1.3,18043.0,107.0,3.1,1.7,1115.0,62.0,19.1,0.6,72.0,3.0,21.7,1.8,51427.0,172.0,-38.5,1.0,8646.0,86.0,1750.0,11.0,-0.5,1.4,-51.0,3.0,-1241.0,731.0,159.0,2.0,71.8,0.8,2903.0,218.0,-9.1,1.0,0.0,3.0,991.0,7.0,4635.0,31.0,21.7,1.4,120.0,3.0,322.0,3.0,695.0,5.0,193.9,1.4,10.2,0.7,17.0,1.8,3.4,0.5,70.2,1.1,63.0,13.0,158.0,20.0,28.0,21.0,65.0,20.0,9.0,15.0,
106,TE2-019,2021-10-21,group 2,soil,sample,0.9,0.9,30.0,3.0,6.0,3.0,-121.0,2.0,262.0,9.0,17.1,1.0,23268.0,118.0,2.2,1.5,858.0,54.0,11.6,0.4,96.0,3.0,46.2,1.8,37338.0,117.0,-14.3,0.8,7865.0,76.0,2249.0,12.0,15.9,1.0,-8.0,3.0,553.0,713.0,99.5,1.5,55.9,0.6,3415.0,207.0,-2.6,0.8,-10.0,3.0,524.0,4.0,3647.0,25.0,17.6,1.1,99.0,2.0,275.0,3.0,266.0,2.0,68.6,1.0,9.8,0.7,6.4,1.4,4.0,0.4,76.1,1.0,59.0,12.0,79.0,18.0,8.0,19.0,81.0,18.0,27.0,14.0,
107,GR1-040,2021-10-21,group 2,soil,sample,3.1,1.1,20.0,3.0,4.0,3.0,-45.0,2.0,320.0,10.0,8.9,1.1,47512.0,252.0,4.7,1.5,1930.0,95.0,23.1,0.7,56.0,4.0,11.2,1.7,64837.0,225.0,-13.5,1.0,6078.0,85.0,1082.0,9.0,-1.0,1.0,-73.0,3.0,11657.0,1246.0,52.0,1.4,14.0,0.6,2653.0,283.0,-7.4,0.9,-2.0,3.0,1825.0,11.0,16563.0,88.0,4.7,1.7,194.0,5.0,168.0,2.0,256.0,3.0,79.6,1.2,4.0,0.6,14.5,1.6,1.4,0.4,70.5,1.1,70.0,13.0,181.0,21.0,14.0,21.0,76.0,21.0,41.0,16.0,
108,GR1-001,2021-10-21,group 2,soil,sample,0.7,1.0,21.0,3.0,8.0,3.0,-80.0,2.0,627.0,10.0,18.5,1.1,8656.0,72.0,3.4,1.5,1518.0,70.0,5.8,0.5,84.0,4.0,26.3,1.7,52436.0,170.0,-7.0,0.9,10507.0,99.0,12744.0,54.0,8.3,0.9,13.0,3.0,-965.0,743.0,118.6,1.7,67.6,0.7,2975.0,235.0,-4.0,0.9,-7.0,3.0,399.0,3.0,5904.0,38.0,8.5,1.1,145.0,3.0,345.0,3.0,286.0,2.0,49.2,1.0,6.9,0.6,9.4,1.6,2.1,0.4,47.2,1.0,52.0,12.0,66.0,19.0,-30.0,20.0,93.0,19.0,27.0,14.0,
109,GR1-050FL,2021-10-21,group 2,soil,lab duplicate,-1.7,0.8,8.0,3.0,6.0,2.0,-60.0,2.0,527.0,9.0,7.2,0.8,13467.0,82.0,0.6,1.3,48.0,45.0,5.2,0.3,34.0,2.0,15.7,1.4,18098.0,61.0,-3.7,0.8,11011.0,89.0,435.0,4.0,2.4,0.8,-4.0,2.0,-341.0,570.0,94.7,1.4,47.9,0.6,2076.0,166.0,-3.3,0.6,-4.0,2.0,402.0,3.0,3586.0,24.0,4.9,1.0,76.0,2.0,83.5,1.5,345.0,2.0,22.3,0.9,4.7,0.5,7.3,1.1,1.6,0.4,25.0,0.8,16.0,11.0,21.0,17.0,-20.0,18.0,53.0,17.0,22.0,13.0,
110,GR1-030L,2021-10-21,group 2,soil,lab duplicate,2.8,0.9,16.0,3.0,3.0,3.0,-76.0,2.0,440.0,9.0,16.8,1.0,16281.0,102.0,3.4,1.4,924.0,62.0,13.5,0.5,72.0,3.0,22.4,1.6,41260.0,133.0,-15.5,0.9,13226.0,110.0,1279.0,9.0,3.9,1.0,-26.0,3.0,-71.0,742.0,114.9,1.6,73.0,0.7,2406.0,212.0,-6.3,0.8,-3.0,3.0,504.0,4.0,5419.0,35.0,7.2,1.2,117.0,3.0,240.0,3.0,445.0,3.0,85.5,1.1,5.4,0.6,12.4,1.5,1.7,0.4,42.6,1.0,45.0,12.0,111.0,18.0,-12.0,19.0,61.0,18.0,42.0,14.0,
111,GR1-022L,2021-10-21,group 2,soil,lab duplicate,7.2,1.1,22.0,3.0,7.0,3.0,-64.0,2.0,548.0,10.0,69.8,1.5,21010.0,124.0,3.7,1.4,1200.0,68.0,13.4,0.5,117.0,4.0,25.1,1.8,51546.0,169.0,-32.6,1.0,11453.0,104.0,4370.0,21.0,6.4,1.4,-9.0,3.0,138.0,827.0,97.1,1.7,89.4,0.9,2742.0,233.0,-9.4,0.9,-1.0,3.0,708.0,5.0,7278.0,43.0,11.9,1.3,170.0,4.0,282.0,3.0,899.0,5.0,178.9,1.4,4.4,0.6,17.5,1.7,0.8,0.4,69.1,1.1,55.0,12.0,183.0,19.0,-48.0,20.0,45.0,19.0,28.0,14.0,
112,TE2-040FL,2021-10-21,group 2,soil,lab duplicate,-0.3,0.9,17.0,3.0,8.0,3.0,-80.0,2.0,422.0,9.0,10.5,0.9,5518.0,52.0,2.6,1.4,380.0,54.0,8.5,0.3,50.0,3.0,10.4,1.4,24365.0,81.0,-5.5,0.8,10313.0,89.0,185.0,3.0,3.0,1.1,-23.0,2.0,1100.0,568.0,98.9,1.5,32.8,0.5,941.0,151.0,-6.2,0.7,-4.0,2.0,354.0,3.0,6751.0,37.0,8.5,1.0,80.0,3.0,38.4,1.2,649.0,4.0,36.8,0.9,6.1,0.6,12.4,1.2,2.0,0.4,29.6,0.9,19.0,11.0,1.0,18.0,-5.0,18.0,29.0,18.0,25.0,13.0,
113,GR1-001L,2021-10-21,group 2,soil,lab duplicate,1.3,1.0,22.0,3.0,7.0,3.0,-83.0,2.0,641.0,10.0,16.0,1.1,8756.0,72.0,2.2,1.5,1478.0,69.0,4.6,0.5,72.0,4.0,24.2,1.7,52713.0,170.0,-10.4,0.9,10485.0,98.0,12921.0,55.0,7.2,0.9,18.0,3.0,202.0,757.0,119.4,1.7,70.3,0.7,3270.0,239.0,-4.0,0.9,-7.0,3.0,375.0,3.0,5972.0,38.0,7.1,1.1,153.0,3.0,347.0,3.0,265.0,2.0,49.8,1.0,5.9,0.6,9.6,1.6,1.9,0.4,46.5,1.0,24.0,12.0,67.0,18.0,-66.0,19.0,82.0,19.0,42.0,14.0,
114,oreas901,2021-10-22,group 1,standard,standard,3.7,1.0,63.0,2.0,4.0,2.0,-16.0,2.0,194.0,8.0,28.1,1.1,586.0,41.0,1.9,1.2,1063.0,63.0,16.6,0.5,99.0,4.0,1270.0,7.0,39157.0,126.0,0.6,0.9,40904.0,232.0,305.0,5.0,2.9,0.7,-10.0,3.0,654.0,662.0,15.1,1.0,164.3,1.1,755.0,180.0,-3.2,0.7,4.0,2.0,33.1,0.8,3575.0,27.0,13.9,1.1,78.0,3.0,26.8,1.5,178.2,1.6,20.9,0.9,1.8,0.5,9.4,1.2,1.0,0.4,57.6,1.0,19.0,12.0,79.0,18.0,-37.0,19.0,27.0,19.0,35.0,14.0,
115,oreas501b,2021-10-22,group 1,standard,standard,2.0,1.0,14.2,1.9,1.0,2.0,35.0,2.0,950.0,10.0,27.1,1.2,29814.0,168.0,1.5,1.2,1365.0,73.0,17.0,0.5,280.0,5.0,2301.0,11.0,46169.0,153.0,-0.8,0.9,37039.0,227.0,577.0,6.0,101.9,1.3,12.0,3.0,2353.0,968.0,21.4,1.1,185.5,1.2,5258.0,289.0,-4.0,0.8,5.0,2.0,324.0,3.0,5078.0,35.0,4.9,1.2,143.0,3.0,99.0,2.0,218.0,1.9,24.8,1.0,-0.9,0.5,12.9,1.4,-0.2,0.4,36.2,1.0,26.0,12.0,29.0,19.0,-134.0,20.0,112.0,20.0,24.0,15.0,
116,oreas45e,2021-10-22,group 1,standard,standard,6.8,1.7,9.0,3.0,-8.0,3.0,88.0,3.0,252.0,12.0,37.0,3.0,544.0,51.0,0.4,1.7,9115.0,184.0,152.0,3.0,1513.0,19.0,690.0,8.0,513678.0,2340.0,-0.2,1.6,7773.0,131.0,575.0,13.0,2.5,1.0,-160.0,13.0,-6492.0,1821.0,47.0,4.0,21.6,1.0,4109.0,562.0,-1.0,1.2,6.0,3.0,13.0,0.9,9320.0,86.0,11.8,1.7,253.0,8.0,50.0,2.0,205.0,2.0,25.4,1.4,4.4,0.7,9.2,2.0,0.8,0.5,25.4,1.3,-24.0,17.0,10.0,27.0,-72.0,29.0,14.0,30.0,52.0,24.0,was originally recorded oreas45b
117,GR1-002,2021-10-22,group 1,soil,sample,3.0,1.1,20.0,3.0,4.0,3.0,4.0,3.0,547.0,11.0,20.4,1.3,29071.0,180.0,5.8,1.5,2905.0,103.0,23.0,0.8,76.0,5.0,14.1,1.9,103534.0,367.0,-22.6,1.1,14938.0,140.0,3352.0,20.0,5.1,1.2,-75.0,4.0,2619.0,1161.0,66.9,1.7,141.7,1.2,2727.0,306.0,-9.9,1.1,-2.0,3.0,1056.0,7.0,13782.0,80.0,6.4,1.6,177.0,5.0,391.0,4.0,392.0,3.0,125.3,1.4,2.7,0.6,18.0,2.0,0.7,0.4,69.3,1.3,86.0,14.0,255.0,22.0,-63.0,23.0,78.0,23.0,20.0,18.0,
118,TE2-W03,2021-10-22,group 1,sediment,sample,3.0,0.9,9.2,1.8,4.0,2.0,-25.0,2.0,535.0,9.0,9.0,0.9,15027.0,96.0,0.4,1.3,438.0,54.0,8.7,0.4,60.0,3.0,10.8,1.5,30192.0,100.0,-10.8,0.9,17053.0,126.0,743.0,6.0,10.2,1.1,-15.0,2.0,723.0,689.0,21.5,1.0,138.1,1.0,1315.0,178.0,-7.8,0.7,2.0,2.0,380.0,3.0,3467.0,25.0,10.7,1.2,80.0,2.0,116.3,1.8,593.0,4.0,57.8,1.0,1.7,0.5,13.5,1.3,0.6,0.4,42.6,1.0,27.0,12.0,76.0,18.0,-84.0,19.0,86.0,19.0,36.0,14.0,
119,GR1-W03,2021-10-22,group 1,sediment,sample,6.4,1.1,3.0,2.0,-5.0,3.0,27.0,3.0,485.0,11.0,11.2,1.2,69126.0,369.0,3.8,1.5,1948.0,106.0,25.8,0.8,74.0,5.0,20.9,2.0,82993.0,303.0,-18.3,1.2,10423.0,119.0,2314.0,16.0,2.5,1.1,-81.0,4.0,9854.0,1461.0,19.0,1.3,27.0,0.7,3383.0,336.0,-7.8,1.0,-3.0,3.0,1516.0,10.0,19907.0,109.0,3.6,1.7,205.0,6.0,204.0,3.0,327.0,3.0,113.2,1.4,1.8,0.6,14.2,1.7,1.2,0.5,89.8,1.3,143.0,14.0,292.0,23.0,-71.0,24.0,68.0,24.0,17.0,18.0,
120,GR1-W02,2021-10-22,group 1,sediment,sample,2.2,0.9,1.6,1.7,-1.0,2.0,26.0,2.0,552.0,9.0,2.3,0.8,44212.0,219.0,-0.1,1.3,496.0,68.0,10.7,0.4,23.0,3.0,5.3,1.4,29355.0,101.0,-3.2,0.9,14883.0,123.0,677.0,6.0,0.7,0.7,-26.0,3.0,8010.0,1008.0,12.2,0.9,36.5,0.6,718.0,199.0,-5.1,0.7,2.0,2.0,722.0,5.0,9214.0,51.0,2.9,1.2,104.0,3.0,53.1,1.4,131.8,1.6,26.9,1.0,0.3,0.5,8.7,1.2,0.2,0.4,45.4,0.9,12.0,12.0,93.0,20.0,-83.0,21.0,62.0,20.0,28.0,16.0,
121,GR1-012,2021-10-22,group 1,soil,sample,0.8,0.9,11.8,2.0,9.0,3.0,-50.0,2.0,461.0,9.0,15.9,1.0,10855.0,81.0,2.9,1.3,862.0,61.0,12.4,0.5,86.0,4.0,352.0,4.0,40289.0,130.0,-6.1,0.8,15034.0,120.0,690.0,6.0,4.4,0.9,32.0,3.0,-104.0,711.0,33.5,1.1,71.1,0.7,1783.0,201.0,-5.2,0.8,-3.0,2.0,316.0,3.0,4729.0,32.0,4.8,1.1,110.0,3.0,172.0,2.0,416.0,3.0,29.9,0.9,3.6,0.6,10.4,1.4,1.2,0.4,61.2,1.0,54.0,12.0,55.0,18.0,-19.0,19.0,61.0,18.0,31.0,14.0,
122,TE2-032,2021-10-22,group 1,soil,sample,5.7,1.1,11.0,2.0,0.0,3.0,-39.0,2.0,285.0,9.0,18.2,1.1,21644.0,144.0,0.4,1.4,2957.0,101.0,31.4,0.8,62.0,5.0,15.3,1.7,103110.0,351.0,-8.3,1.0,9376.0,107.0,491.0,7.0,4.8,1.0,-109.0,4.0,6484.0,1172.0,29.0,1.3,29.4,0.6,3868.0,321.0,-5.9,0.8,0.0,3.0,333.0,3.0,14671.0,84.0,4.1,1.2,166.0,5.0,117.0,2.0,419.0,3.0,48.7,1.1,3.6,0.6,13.6,1.5,1.1,0.4,40.2,1.0,28.0,13.0,22.0,20.0,-16.0,21.0,59.0,21.0,11.0,16.0,
123,TE2-041,2021-10-22,group 1,soil,sample,2.2,0.8,22.0,3.0,4.0,3.0,-107.0,2.0,194.0,8.0,14.3,0.9,5834.0,48.0,0.9,1.4,744.0,48.0,8.1,0.4,47.0,2.0,13.7,1.4,32322.0,96.0,-14.6,0.7,5593.0,59.0,2458.0,12.0,4.0,0.8,-18.0,2.0,2122.0,561.0,103.4,1.4,51.2,0.6,4345.0,195.0,-0.9,0.6,-9.0,2.0,476.0,3.0,3887.0,24.0,15.0,1.0,70.0,2.0,111.4,1.6,214.6,1.9,60.7,0.9,7.9,0.6,3.5,1.1,2.7,0.4,43.2,0.8,34.0,11.0,64.0,16.0,-6.0,17.0,58.0,16.0,38.0,12.0,
124,GR1-042,2021-10-22,group 1,soil,sample,2.6,1.0,25.0,3.0,2.0,3.0,-62.0,2.0,392.0,9.0,8.4,1.1,24979.0,139.0,2.6,1.5,781.0,78.0,14.5,0.5,32.0,3.0,47.7,1.9,38477.0,131.0,-12.8,1.0,6806.0,80.0,620.0,6.0,1.1,1.0,-34.0,3.0,1623.0,835.0,137.5,1.9,22.6,0.6,2076.0,217.0,-7.5,0.8,-4.0,3.0,1750.0,10.0,18654.0,88.0,12.4,1.6,166.0,5.0,125.5,2.0,291.0,3.0,94.2,1.2,5.1,0.6,16.3,1.5,2.4,0.4,42.9,1.0,31.0,12.0,62.0,19.0,-10.0,20.0,61.0,20.0,23.0,15.0,
125,GR1-044,2021-10-22,group 1,soil,sample,2.6,1.1,25.0,3.0,-1.0,3.0,-33.0,2.0,368.0,10.0,9.5,1.1,27866.0,160.0,-0.9,1.5,1842.0,89.0,24.1,0.7,48.0,4.0,27.3,1.8,72258.0,243.0,-9.6,1.0,8944.0,97.0,675.0,7.0,2.0,1.0,-78.0,3.0,4984.0,1029.0,106.6,1.8,29.9,0.6,3838.0,281.0,-7.3,0.8,3.0,3.0,1241.0,8.0,17894.0,90.0,8.9,1.5,175.0,5.0,115.9,2.0,253.0,3.0,64.1,1.1,3.2,0.6,18.2,1.5,1.2,0.4,37.2,1.0,21.0,13.0,66.0,20.0,4.0,21.0,69.0,21.0,3.0,16.0,
126,GR1-036,2021-10-22,group 1,soil,sample,4.4,1.1,10.0,2.0,2.0,3.0,-25.0,3.0,301.0,10.0,12.1,1.1,35046.0,210.0,0.2,1.5,2643.0,107.0,34.1,0.8,60.0,5.0,16.9,1.8,97914.0,346.0,-5.7,1.1,9738.0,112.0,1022.0,10.0,0.5,1.0,-117.0,4.0,11914.0,1314.0,38.5,1.4,29.6,0.6,2861.0,315.0,-7.6,0.9,-5.0,3.0,648.0,5.0,18653.0,103.0,4.3,1.4,202.0,6.0,194.0,3.0,314.0,3.0,47.9,1.1,3.3,0.6,16.8,1.7,0.8,0.4,44.9,1.1,25.0,14.0,69.0,21.0,-21.0,22.0,97.0,22.0,8.0,17.0,
127,GR1-038,2021-10-22,group 1,soil,sample,2.8,0.9,5.4,1.8,0.0,2.0,-32.0,2.0,513.0,9.0,7.8,0.9,21635.0,125.0,-0.7,1.3,642.0,61.0,12.2,0.4,56.0,3.0,11.5,1.5,33524.0,111.0,-5.5,0.8,15088.0,120.0,809.0,7.0,5.3,1.0,-24.0,3.0,-436.0,750.0,21.4,1.0,50.8,0.6,1300.0,190.0,-6.1,0.7,-3.0,2.0,453.0,3.0,5793.0,36.0,4.9,1.1,96.0,3.0,87.2,1.6,413.0,3.0,26.4,0.9,2.5,0.5,10.3,1.3,1.4,0.4,38.4,0.9,20.0,12.0,43.0,18.0,-40.0,19.0,64.0,19.0,31.0,14.0,
128,GR1-049,2021-10-22,group 1,soil,sample,1.6,1.0,24.0,3.0,5.0,3.0,-60.0,2.0,243.0,9.0,9.6,1.0,21718.0,124.0,4.6,1.4,1372.0,72.0,18.7,0.6,49.0,4.0,36.0,1.8,56551.0,182.0,-6.9,0.9,7109.0,80.0,3993.0,20.0,1.5,0.8,-45.0,3.0,3439.0,864.0,95.5,1.6,39.7,0.6,4869.0,262.0,-1.3,0.8,-3.0,3.0,431.0,3.0,10367.0,55.0,9.1,1.1,144.0,4.0,190.0,2.0,190.9,1.9,43.8,1.0,5.2,0.6,7.6,1.4,1.0,0.4,37.2,0.9,2.0,12.0,58.0,19.0,7.0,20.0,62.0,19.0,52.0,14.0,
129,GR1-035,2021-10-22,group 1,soil,sample,4.1,1.0,19.0,3.0,2.0,3.0,-53.0,2.0,356.0,9.0,9.7,1.0,37573.0,196.0,2.0,1.4,1469.0,77.0,16.8,0.6,55.0,4.0,27.0,1.7,56723.0,188.0,-4.8,1.0,9518.0,98.0,2376.0,14.0,2.0,0.9,-39.0,3.0,4391.0,1019.0,77.2,1.5,49.0,0.7,3480.0,264.0,-0.9,0.8,-3.0,3.0,640.0,5.0,9126.0,52.0,6.7,1.2,138.0,4.0,149.0,2.0,228.0,2.0,35.1,1.0,4.4,0.6,6.4,1.4,1.3,0.4,57.3,1.0,43.0,12.0,84.0,19.0,-14.0,20.0,86.0,20.0,23.0,15.0,
130,GR1-012L,2021-10-22,group 1,soil,lab duplicate,1.2,0.9,6.2,1.8,-1.0,2.0,-47.0,2.0,476.0,9.0,14.5,0.9,11069.0,80.0,0.3,1.3,819.0,59.0,12.0,0.4,85.0,3.0,307.0,3.0,36483.0,118.0,-3.9,0.9,14754.0,116.0,531.0,5.0,6.2,1.0,28.0,3.0,836.0,696.0,24.9,1.0,66.0,0.7,1401.0,186.0,-3.8,0.7,-8.0,2.0,312.0,3.0,4484.0,30.0,6.8,1.1,95.0,3.0,160.0,2.0,522.0,3.0,26.3,0.9,2.3,0.5,8.8,1.3,1.1,0.4,60.3,1.0,77.0,11.0,51.0,18.0,-29.0,19.0,86.0,18.0,18.0,14.0,
131,GR1-042L,2021-10-22,group 1,soil,lab duplicate,1.6,1.0,24.0,3.0,7.0,3.0,-58.0,2.0,401.0,9.0,10.7,1.1,26638.0,148.0,3.3,1.4,970.0,82.0,16.8,0.5,36.0,3.0,41.5,1.9,44006.0,150.0,-16.8,1.0,7409.0,85.0,700.0,6.0,0.4,1.0,-41.0,3.0,1347.0,870.0,132.1,1.9,21.4,0.6,2785.0,237.0,-6.1,0.8,0.0,3.0,1733.0,10.0,19506.0,93.0,7.6,1.6,172.0,5.0,131.0,2.0,297.0,3.0,101.8,1.2,3.9,0.6,12.3,1.4,1.8,0.4,43.0,1.0,23.0,12.0,94.0,19.0,-18.0,20.0,55.0,20.0,5.0,15.0,
132,GR1-035L,2021-10-22,group 1,soil,lab duplicate,2.5,1.0,17.0,3.0,3.0,3.0,-38.0,2.0,352.0,9.0,11.6,1.0,42699.0,220.0,2.5,1.4,1359.0,78.0,18.1,0.6,53.0,4.0,25.3,1.7,55262.0,184.0,-3.3,1.0,9425.0,99.0,2209.0,13.0,1.4,0.8,-46.0,3.0,5054.0,1068.0,70.2,1.5,48.5,0.7,3504.0,271.0,-2.0,0.8,0.0,3.0,699.0,5.0,10243.0,57.0,5.7,1.3,144.0,4.0,142.0,2.0,215.0,2.0,32.2,1.0,2.9,0.6,6.9,1.4,1.1,0.4,55.3,1.0,23.0,13.0,63.0,20.0,-18.0,21.0,23.0,20.0,19.0,15.0,
133,oreas24b,2021-10-29,group 1,standard,standard,2.6,0.9,8.6,1.8,4.0,2.0,25.0,2.0,678.0,9.0,21.1,1.1,10396.0,82.0,2.9,1.2,937.0,62.0,16.3,0.5,160.0,4.0,34.4,1.7,42639.0,136.0,-0.6,0.9,31590.0,194.0,462.0,5.0,4.9,0.7,8.0,3.0,-141.0,743.0,23.5,1.0,162.0,1.1,2104.0,215.0,-9.6,0.7,3.0,2.0,117.3,1.4,4994.0,34.0,1.6,1.0,116.0,3.0,97.0,1.7,187.6,1.6,21.8,0.9,-0.4,0.5,17.3,1.3,-0.5,0.3,45.4,1.0,31.0,12.0,84.0,18.0,-56.0,20.0,82.0,19.0,16.0,15.0,
134,oreas22d,2021-10-29,group 1,standard,standard,-0.7,0.6,-0.3,1.0,1.7,2.0,-19.0,1.8,7.0,7.0,1.0,0.6,-428.0,7.0,1.0,1.0,-441.0,25.0,1.2,0.1,10.4,1.0,1.5,1.1,3278.0,16.0,-2.6,0.6,-52.0,14.0,81.5,1.7,1.8,0.3,2.0,1.3,583.0,322.0,-1.0,0.6,0.3,0.2,76.0,75.0,-0.9,0.4,-2.7,1.9,0.6,0.3,140.0,4.0,0.9,0.7,2.7,0.6,-4.2,0.6,12.1,0.4,4.4,0.7,1.0,0.4,-0.3,0.8,-0.1,0.3,2.8,0.6,9.0,9.0,-4.0,15.0,27.0,16.0,-12.0,15.0,17.0,12.0,
135,oreas24c,2021-10-29,group 1,standard,standard,3.1,1.0,-0.2,1.7,0.0,3.0,70.0,2.0,274.0,9.0,6.1,1.0,80227.0,403.0,0.4,1.3,2438.0,97.0,31.8,0.7,232.0,6.0,51.0,2.0,83567.0,282.0,2.2,1.1,10858.0,117.0,1068.0,10.0,2.7,0.7,31.0,5.0,681.0,1401.0,4.4,1.0,20.4,0.5,1442.0,306.0,-8.8,0.8,4.0,3.0,401.0,3.0,12120.0,71.0,-0.4,1.2,132.0,5.0,99.7,1.9,125.0,1.5,26.5,1.0,-0.7,0.6,17.5,1.5,-0.1,0.4,32.0,0.9,4.0,13.0,53.0,21.0,-11.0,22.0,29.0,22.0,11.0,18.0,
136,oreas502b,2021-10-29,group 1,standard,standard,3.9,1.1,19.0,2.0,-1.0,3.0,37.0,2.0,869.0,10.0,29.6,1.2,30796.0,182.0,0.5,1.3,2014.0,85.0,23.3,0.6,271.0,6.0,6850.0,27.0,61084.0,208.0,1.4,1.0,37635.0,242.0,599.0,7.0,247.0,2.0,-35.0,4.0,4646.0,1106.0,30.3,1.3,163.2,1.2,13343.0,416.0,7.5,0.9,10.0,3.0,333.0,3.0,5089.0,38.0,0.7,1.3,144.0,4.0,191.0,4.0,185.1,1.8,22.5,1.0,0.7,0.6,2.5,1.5,0.1,0.4,34.0,1.1,33.0,13.0,48.0,20.0,-115.0,22.0,103.0,21.0,13.0,16.0,
137,GR1-003,2021-10-29,group 1,soil,sample,1.6,0.9,19.0,2.0,6.0,3.0,-47.0,2.0,430.0,9.0,15.1,1.0,16463.0,106.0,0.3,1.4,1399.0,71.0,15.5,0.6,68.0,4.0,14.8,1.6,56915.0,185.0,-12.2,0.9,10400.0,99.0,2541.0,14.0,2.0,0.9,-39.0,3.0,3039.0,848.0,59.6,1.4,68.3,0.8,2143.0,226.0,-6.6,0.8,-2.0,3.0,622.0,4.0,8103.0,47.0,6.2,1.2,113.0,3.0,191.0,2.0,287.0,2.0,64.1,1.1,3.7,0.6,11.8,1.5,1.3,0.4,39.8,1.0,14.0,12.0,79.0,19.0,-30.0,20.0,75.0,19.0,-6.0,15.0,
138,TE2-034,2021-10-29,group 1,soil,sample,2.6,0.9,12.0,2.0,4.0,2.0,-17.0,2.0,507.0,9.0,11.0,1.0,21314.0,123.0,3.3,1.3,750.0,62.0,11.7,0.4,58.0,3.0,11.8,1.5,37837.0,124.0,-9.3,0.9,13097.0,110.0,957.0,7.0,2.0,0.9,-24.0,3.0,1966.0,794.0,44.6,1.2,55.0,0.7,977.0,188.0,-6.5,0.8,-1.0,2.0,755.0,5.0,6497.0,39.0,6.0,1.2,102.0,3.0,214.0,2.0,316.0,2.0,50.6,1.0,1.5,0.5,12.0,1.5,0.9,0.4,40.1,0.9,54.0,12.0,77.0,19.0,-59.0,20.0,64.0,19.0,24.0,15.0,"Not sure 34 or 39. Update: we just sieved TE2-039, so this must be TE2-034"
139,TE2-028,2021-10-29,group 1,soil,sample,7.1,0.9,33.0,4.0,5.0,3.0,-98.0,2.0,196.0,8.0,23.9,1.1,4877.0,45.0,2.7,1.4,449.0,44.0,8.5,0.4,63.0,3.0,13.4,1.5,28255.0,89.0,-45.7,0.9,8738.0,75.0,2087.0,10.0,3.1,1.2,-11.0,2.0,198.0,516.0,173.9,1.8,83.6,0.7,3141.0,177.0,-10.4,0.8,-8.0,3.0,192.0,2.0,2617.0,19.0,21.9,1.1,79.5,2.0,326.0,3.0,674.0,4.0,220.8,1.3,8.0,0.6,16.6,1.5,2.2,0.4,36.1,0.9,25.0,11.0,112.0,17.0,18.0,18.0,84.0,17.0,38.0,13.0,
140,GR1-010,2021-10-29,group 1,soil,sample,2.3,0.9,8.0,1.9,1.0,3.0,-24.0,2.0,496.0,9.0,8.8,0.9,13568.0,95.0,2.4,1.3,1135.0,68.0,15.6,0.5,65.0,4.0,13.4,1.5,46512.0,153.0,-5.7,0.9,15009.0,123.0,872.0,7.0,2.6,1.0,-39.0,3.0,1234.0,787.0,24.3,1.1,63.4,0.7,1209.0,203.0,-7.5,0.8,-2.0,2.0,355.0,3.0,6575.0,41.0,3.3,1.1,111.0,3.0,270.0,3.0,412.0,3.0,32.4,1.0,2.9,0.6,14.2,1.6,1.4,0.4,36.3,0.9,18.0,12.0,37.0,19.0,-30.0,20.0,71.0,20.0,-2.0,15.0,
141,TE2-037,2021-10-29,group 1,soil,sample,3.0,1.1,14.0,3.0,2.0,3.0,-29.0,3.0,354.0,10.0,13.2,1.1,44194.0,235.0,3.8,1.5,1717.0,89.0,22.4,0.7,52.0,4.0,18.9,1.8,66508.0,231.0,-14.0,1.0,8317.0,97.0,1140.0,9.0,0.5,1.0,-71.0,3.0,10042.0,1188.0,48.3,1.4,27.6,0.6,3047.0,281.0,-5.7,0.9,-1.0,3.0,1146.0,7.0,13947.0,76.0,8.6,1.5,165.0,5.0,160.0,2.0,280.0,3.0,73.4,1.2,3.9,0.6,12.7,1.6,1.2,0.4,56.9,1.1,71.0,13.0,122.0,21.0,-24.0,22.0,67.0,21.0,33.0,16.0,
142,TE2-047,2021-10-29,group 1,soil,sample,-1.5,1.0,53.0,4.0,3.0,3.0,-92.0,2.0,239.0,9.0,10.5,1.0,12979.0,85.0,2.3,1.5,763.0,65.0,16.8,0.5,46.0,3.0,27.8,1.7,37840.0,125.0,-4.6,1.0,8040.0,81.0,303.0,4.0,-0.7,1.0,-42.0,3.0,-612.0,660.0,222.0,2.0,27.1,0.5,3217.0,211.0,-2.8,0.8,2.0,3.0,359.0,3.0,11196.0,55.0,11.3,1.1,138.0,4.0,106.2,1.8,411.0,3.0,49.8,1.0,7.2,0.6,10.3,1.3,2.0,0.4,39.8,1.0,14.0,12.0,13.0,19.0,4.0,20.0,49.0,19.0,31.0,14.0,
143,GR1-004,2021-10-29,group 1,soil,sample,3.1,1.0,13.0,2.0,3.0,3.0,-46.0,2.0,345.0,9.0,16.6,1.1,22490.0,139.0,5.4,1.5,1860.0,82.0,23.5,0.7,47.0,4.0,8.4,1.6,70773.0,237.0,-6.7,1.0,9609.0,101.0,843.0,8.0,4.4,1.0,-80.0,3.0,10552.0,1064.0,31.1,1.2,39.1,0.6,2581.0,260.0,-6.4,0.8,-4.0,3.0,567.0,4.0,9568.0,56.0,8.0,1.3,128.0,4.0,167.0,2.0,316.0,3.0,43.5,1.1,4.2,0.6,12.1,1.5,1.0,0.4,52.7,1.0,25.0,13.0,73.0,20.0,4.0,21.0,80.0,20.0,16.0,15.0,
144,GR1-W01,2021-10-29,group 1,sediment,sample,-0.8,0.9,17.0,2.0,4.0,3.0,-78.0,2.0,343.0,9.0,16.0,1.0,18209.0,108.0,1.5,1.4,1078.0,61.0,14.3,0.5,83.0,3.0,35.6,1.7,46405.0,147.0,-7.0,0.8,10536.0,95.0,1927.0,11.0,5.8,0.9,-32.0,3.0,1439.0,780.0,43.5,1.2,50.9,0.6,3787.0,235.0,-2.8,0.8,-11.0,3.0,521.0,4.0,4461.0,30.0,10.7,1.1,110.0,3.0,189.0,2.0,233.0,2.0,32.4,0.9,6.1,0.6,6.8,1.4,2.0,0.4,85.0,1.1,53.0,12.0,62.0,18.0,-12.0,19.0,64.0,19.0,27.0,14.0,
145,GR1-011,2021-10-29,group 1,soil,sample,-0.7,0.8,6.8,2.0,-2.0,2.0,-42.0,2.0,422.0,9.0,9.0,0.9,6143.0,59.0,1.5,1.3,1119.0,64.0,14.0,0.5,53.0,3.0,7.5,1.4,44871.0,142.0,-2.0,0.9,12495.0,106.0,300.0,4.0,1.6,0.9,-37.0,3.0,814.0,694.0,36.6,1.1,48.1,0.6,2022.0,203.0,-7.2,0.7,-4.0,2.0,210.0,2.0,6479.0,39.0,3.7,1.0,96.0,3.0,61.8,1.4,428.0,3.0,26.2,0.9,2.2,0.5,14.3,1.2,1.0,0.4,26.3,0.9,13.0,11.0,29.0,18.0,-33.0,19.0,65.0,18.0,40.0,14.0,
146,GR1-041,2021-10-29,group 1,soil,sample,4.5,1.1,34.0,4.0,5.0,3.0,-39.0,2.0,406.0,10.0,10.4,1.1,27449.0,160.0,2.8,1.5,1720.0,92.0,23.8,0.7,40.0,4.0,26.1,1.8,67125.0,227.0,-14.3,1.0,9658.0,102.0,702.0,7.0,-0.4,1.0,-69.0,3.0,4152.0,1023.0,181.0,2.0,32.2,0.6,3632.0,280.0,-5.1,0.9,4.0,3.0,1316.0,8.0,20998.0,104.0,2.8,1.5,184.0,5.0,167.0,2.0,276.0,3.0,80.5,1.2,4.4,0.6,13.7,1.6,0.7,0.4,40.2,1.0,16.0,13.0,82.0,20.0,-11.0,21.0,65.0,20.0,-16.0,16.0,
147,GR1-046,2021-10-29,group 1,soil,sample,4.0,1.1,15.0,2.0,-4.0,3.0,-25.0,3.0,522.0,10.0,8.5,1.1,27041.0,168.0,2.1,1.5,2461.0,102.0,28.4,0.8,58.0,5.0,11.6,1.8,91247.0,318.0,-15.5,1.1,12668.0,125.0,1606.0,12.0,0.8,1.1,-91.0,4.0,8386.0,1187.0,32.2,1.3,38.0,0.7,2192.0,290.0,-10.1,1.0,-5.0,3.0,919.0,6.0,18900.0,101.0,6.5,1.5,211.0,6.0,229.0,3.0,366.0,3.0,93.3,1.3,4.0,0.6,20.2,1.8,1.3,0.4,49.3,1.1,34.0,13.0,110.0,21.0,-24.0,22.0,90.0,22.0,30.0,16.0,
148,GR1-045,2021-10-29,group 1,soil,sample,5.8,1.1,14.0,2.0,0.0,3.0,-11.0,3.0,353.0,10.0,16.7,1.2,35694.0,208.0,1.3,1.4,2255.0,95.0,31.0,0.8,80.0,5.0,22.4,1.9,96883.0,337.0,-13.1,1.1,9181.0,106.0,1898.0,13.0,1.5,1.0,-104.0,4.0,10185.0,1270.0,38.2,1.4,33.3,0.7,3789.0,321.0,-4.8,0.9,-7.0,3.0,933.0,6.0,14071.0,80.0,7.3,1.5,182.0,5.0,177.0,3.0,303.0,3.0,81.4,1.2,2.5,0.6,12.0,1.6,0.6,0.4,66.1,1.1,88.0,13.0,223.0,21.0,4.0,22.0,50.0,22.0,29.0,17.0,
149,TE2-038,2021-10-29,group 1,soil,sample,0.9,1.1,22.0,3.0,1.0,3.0,-26.0,2.0,523.0,10.0,11.9,1.1,43410.0,230.0,2.2,1.5,2071.0,94.0,24.5,0.7,52.0,4.0,18.1,1.7,76031.0,259.0,-5.7,1.0,8901.0,100.0,842.0,8.0,3.0,0.9,-79.0,4.0,13371.0,1239.0,96.5,1.7,48.4,0.7,4109.0,303.0,-3.3,0.9,-1.0,3.0,1002.0,7.0,16923.0,88.0,7.0,1.4,204.0,5.0,197.0,3.0,262.0,3.0,49.7,1.1,3.4,0.6,8.9,1.6,1.4,0.4,46.0,1.1,22.0,13.0,88.0,20.0,-27.0,22.0,68.0,21.0,32.0,16.0,
150,GR1-032,2021-10-29,group 1,soil,sample,3.6,1.0,11.0,3.0,5.0,3.0,-47.0,2.0,384.0,9.0,13.4,1.0,17049.0,111.0,2.1,1.4,1661.0,75.0,21.0,0.6,90.0,4.0,16.3,1.6,63077.0,206.0,-8.9,0.9,11102.0,106.0,675.0,7.0,3.0,0.9,-57.0,3.0,74.0,856.0,68.6,1.4,43.2,0.6,2297.0,239.0,-4.7,0.8,-4.0,3.0,570.0,4.0,8479.0,50.0,7.5,1.2,149.0,4.0,182.0,2.0,283.0,2.0,49.6,1.0,3.4,0.6,9.7,1.5,1.3,0.4,81.9,1.1,44.0,12.0,147.0,19.0,-56.0,20.0,58.0,19.0,25.0,15.0,
151,GR1-026,2021-10-29,group 1,soil,sample,1.3,0.8,16.0,3.0,5.0,3.0,-85.0,2.0,281.0,8.0,8.3,0.8,4134.0,44.0,1.3,1.4,449.0,51.0,9.6,0.4,96.0,3.0,6.8,1.3,27788.0,88.0,-8.2,0.8,8070.0,76.0,192.0,3.0,8.8,1.0,-26.0,2.0,-1687.0,507.0,79.4,1.3,30.0,0.5,1449.0,157.0,-4.8,0.6,-7.0,2.0,252.0,2.0,5869.0,33.0,6.5,1.0,74.0,3.0,41.7,1.2,523.0,3.0,39.6,0.9,6.1,0.6,10.8,1.1,1.6,0.4,29.7,0.8,23.0,11.0,38.0,17.0,-7.0,18.0,69.0,17.0,33.0,13.0,
152,GR1-039,2021-10-29,group 1,soil,sample,2.4,0.9,10.0,2.0,2.0,3.0,-35.0,2.0,414.0,9.0,10.3,0.9,25041.0,142.0,4.4,1.3,1217.0,69.0,16.1,0.5,58.0,3.0,16.4,1.6,47869.0,157.0,-5.5,0.9,10269.0,99.0,1097.0,8.0,0.1,0.9,-46.0,3.0,5035.0,911.0,39.0,1.2,41.1,0.6,2864.0,237.0,-5.2,0.8,-0.0,3.0,607.0,4.0,6870.0,42.0,6.8,1.2,110.0,3.0,149.0,2.0,355.0,3.0,32.0,1.0,2.3,0.6,10.3,1.4,0.7,0.4,39.2,0.9,3.0,12.0,128.0,19.0,-38.0,20.0,68.0,19.0,41.0,15.0,
153,GR1-043,2021-10-29,group 1,soil,sample,3.3,1.1,34.0,4.0,7.0,3.0,-54.0,2.0,536.0,9.0,14.4,1.1,21770.0,122.0,2.3,1.4,917.0,78.0,14.4,0.5,28.0,3.0,28.7,1.8,39410.0,132.0,-20.3,1.0,8676.0,87.0,647.0,6.0,1.4,1.0,-29.0,3.0,1961.0,798.0,178.0,2.0,27.0,0.6,2294.0,214.0,-6.9,0.8,2.0,3.0,1700.0,10.0,20799.0,93.0,12.2,1.5,178.0,5.0,116.3,1.9,314.0,3.0,125.5,1.2,3.6,0.6,15.1,1.4,0.9,0.4,50.3,1.0,28.0,12.0,82.0,19.0,-21.0,20.0,75.0,19.0,29.0,14.0,
154,TE2-W14,2021-10-29,group 1,sediment,sample,8.7,1.3,7.0,2.0,6.0,3.0,72.0,3.0,467.0,12.0,13.5,1.4,98112.0,548.0,1.6,1.6,3556.0,144.0,46.3,1.1,110.0,7.0,26.0,2.0,142720.0,565.0,-16.5,1.4,9413.0,126.0,3220.0,22.0,1.2,1.2,-162.0,6.0,23603.0,1956.0,13.8,1.5,10.3,0.7,3421.0,413.0,-8.5,1.1,9.0,3.0,1481.0,10.0,32831.0,184.0,4.7,1.9,321.0,8.0,230.0,3.0,323.0,3.0,132.7,1.6,1.8,0.7,16.0,2.0,0.9,0.5,117.5,1.5,165.0,16.0,429.0,27.0,-32.0,27.0,126.0,27.0,46.0,21.0,Is there also a water sample associated with this sample? 
155,GR1-047,2021-10-29,group 1,soil,sample,5.2,1.1,13.0,2.0,1.0,3.0,-13.0,3.0,492.0,10.0,10.0,1.1,52776.0,291.0,1.8,1.5,2707.0,110.0,28.9,0.8,59.0,5.0,21.1,1.9,101525.0,361.0,-15.4,1.2,7678.0,101.0,2253.0,15.0,-0.7,1.0,-93.0,4.0,5681.0,1367.0,45.8,1.5,20.9,0.6,4662.0,356.0,-5.2,1.0,5.0,3.0,1311.0,8.0,21211.0,115.0,7.0,1.6,240.0,6.0,268.0,3.0,266.0,3.0,103.7,1.3,1.9,0.6,11.6,1.8,1.4,0.4,67.2,1.2,57.0,14.0,179.0,22.0,-52.0,23.0,87.0,22.0,25.0,17.0,
156,GR1-037,2021-10-29,group 1,soil,sample,1.1,0.9,29.0,2.0,2.0,2.0,-29.0,2.0,508.0,9.0,8.0,0.9,15651.0,100.0,3.8,1.3,981.0,64.0,12.9,0.5,60.0,3.0,16.8,1.5,41850.0,135.0,-5.7,0.9,12697.0,108.0,951.0,7.0,-0.3,0.8,-24.0,3.0,1784.0,762.0,60.6,1.3,58.4,0.7,1920.0,204.0,-5.4,0.8,-1.0,2.0,436.0,3.0,6533.0,39.0,5.7,1.1,104.0,3.0,150.0,2.0,296.0,2.0,31.3,0.9,2.1,0.5,11.6,1.4,0.6,0.4,33.3,0.9,12.0,12.0,62.0,18.0,-71.0,19.0,68.0,19.0,17.0,14.0,
157,TE2-039,2021-10-29,group 1,soil,sample,3.7,1.0,13.0,2.0,2.0,3.0,-32.0,2.0,361.0,10.0,7.1,1.0,18167.0,121.0,-0.1,1.4,1829.0,92.0,25.9,0.7,45.0,4.0,10.5,1.7,71789.0,244.0,-13.3,1.1,11343.0,112.0,743.0,7.0,1.9,1.1,-89.0,3.0,-1294.0,904.0,48.6,1.4,29.7,0.6,1234.0,239.0,-11.5,0.8,-0.0,3.0,650.0,5.0,19431.0,98.0,6.8,1.3,167.0,5.0,91.7,1.8,456.0,3.0,92.8,1.2,3.1,0.6,23.1,1.5,1.7,0.4,37.7,1.0,-5.0,13.0,60.0,20.0,-11.0,21.0,48.0,21.0,19.0,16.0,
158,GR1-048,2021-10-29,group 1,soil,sample,-0.9,0.9,15.0,3.0,6.0,3.0,-53.0,2.0,418.0,9.0,9.8,1.0,9627.0,78.0,3.3,1.4,1535.0,76.0,21.3,0.6,58.0,4.0,17.0,1.6,59158.0,195.0,-3.5,1.0,12961.0,114.0,332.0,5.0,5.4,1.1,-63.0,3.0,-674.0,771.0,90.4,1.6,38.7,0.6,1283.0,212.0,-7.5,0.8,0.0,3.0,306.0,3.0,10300.0,57.0,5.2,1.1,137.0,4.0,93.4,1.8,533.0,4.0,37.4,1.0,3.6,0.6,16.5,1.4,0.7,0.4,33.9,1.0,25.0,12.0,43.0,19.0,-50.0,20.0,74.0,20.0,20.0,15.0,
159,TE2-037L,2021-10-29,group 1,soil,lab duplicate,1.7,1.0,16.0,2.0,0.0,3.0,-25.0,2.0,357.0,10.0,13.6,1.1,54005.0,280.0,0.5,1.4,1714.0,93.0,25.5,0.7,56.0,4.0,17.0,1.8,69054.0,241.0,-10.9,1.1,8565.0,100.0,1292.0,10.0,1.0,1.0,-81.0,4.0,13942.0,1307.0,44.9,1.4,24.5,0.6,3877.0,306.0,-6.4,0.9,2.0,3.0,1109.0,7.0,16566.0,88.0,8.5,1.5,175.0,5.0,155.0,2.0,355.0,3.0,72.2,1.2,3.1,0.6,14.4,1.6,0.6,0.4,66.0,1.1,79.0,13.0,199.0,21.0,-4.0,22.0,58.0,22.0,31.0,16.0,
160,GR1-041L,2021-10-29,group 1,soil,lab duplicate,4.5,1.2,31.0,4.0,5.0,3.0,-52.0,2.0,376.0,9.0,10.5,1.1,24559.0,145.0,2.8,1.4,1757.0,90.0,23.4,0.6,37.0,4.0,29.3,1.8,65120.0,220.0,-10.9,1.1,9251.0,98.0,646.0,7.0,-0.1,0.9,-67.0,3.0,6200.0,1002.0,193.0,2.0,31.0,0.6,2687.0,258.0,-5.3,0.9,1.0,3.0,1351.0,8.0,19812.0,97.0,10.3,1.5,183.0,5.0,168.0,2.0,262.0,3.0,77.2,1.1,3.8,0.6,16.2,1.6,1.2,0.4,40.4,1.0,10.0,13.0,50.0,20.0,-20.0,21.0,38.0,20.0,28.0,15.0,
161,GR1-026L,2021-10-29,group 1,soil,lab duplicate,0.8,0.9,23.0,3.0,5.0,3.0,-87.0,2.0,272.0,8.0,9.8,0.9,3959.0,42.0,1.6,1.4,445.0,50.0,10.4,0.4,40.0,2.0,8.9,1.4,28899.0,92.0,-8.3,0.8,7622.0,73.0,180.0,3.0,8.0,1.1,-30.0,2.0,-1174.0,504.0,92.6,1.4,29.4,0.5,1944.0,163.0,-5.7,0.7,-2.0,3.0,245.0,2.0,5813.0,32.0,9.3,1.0,73.0,2.0,47.2,1.2,539.0,3.0,44.2,0.9,7.4,0.6,12.0,1.1,2.2,0.4,34.5,0.9,-1.0,11.0,63.0,17.0,27.0,18.0,70.0,18.0,22.0,13.0,
162,TE2-W14L,2021-10-29,group 1,sediment,lab duplicate,8.0,1.3,7.0,2.0,2.0,3.0,83.0,3.0,479.0,12.0,15.8,1.4,95202.0,531.0,3.2,1.6,3249.0,141.0,53.1,1.2,101.0,7.0,25.0,2.0,147929.0,588.0,-18.4,1.4,9872.0,128.0,3130.0,21.0,1.6,1.2,-183.0,6.0,20892.0,1920.0,15.2,1.6,11.0,0.7,3811.0,417.0,-9.1,1.1,5.0,3.0,1378.0,10.0,34144.0,190.0,0.9,1.9,322.0,8.0,239.0,3.0,340.0,3.0,137.7,1.6,1.7,0.7,18.0,2.0,0.6,0.5,114.4,1.5,161.0,16.0,479.0,27.0,-37.0,27.0,72.0,28.0,-12.0,22.0,
163,oreas24b,2021-10-31,group 2,standard,standard,2.4,0.9,5.9,1.7,-1.0,2.0,30.0,2.0,678.0,9.0,21.0,1.1,10357.0,82.0,2.0,1.2,1071.0,64.0,14.5,0.5,156.0,4.0,33.8,1.7,42854.0,137.0,-2.0,0.9,31006.0,190.0,454.0,5.0,4.8,0.7,10.0,3.0,-1481.0,717.0,20.7,1.0,161.0,1.1,2406.0,217.0,-7.7,0.7,4.0,2.0,117.0,1.4,4930.0,33.0,4.6,1.1,115.0,3.0,98.4,1.7,188.7,1.6,21.8,0.9,0.3,0.5,15.1,1.3,-0.3,0.4,44.9,1.0,35.0,12.0,59.0,18.0,-91.0,20.0,70.0,19.0,14.0,15.0,
164,oreas22d,2021-10-31,group 2,standard,standard,-0.5,0.6,-0.1,1.0,1.1,2.0,-23.7,1.8,-4.0,7.0,0.6,0.6,-428.0,7.0,1.4,1.0,-415.0,26.0,1.0,0.1,40.9,1.4,1.0,1.1,3328.0,16.0,-2.6,0.6,-33.0,14.0,82.6,1.7,2.8,0.3,8.2,1.4,604.0,322.0,-0.8,0.6,0.3,0.2,-137.0,69.0,0.0,0.4,-2.6,1.9,0.7,0.3,156.0,5.0,0.0,0.7,1.6,0.6,-4.2,0.6,12.3,0.4,1.4,0.7,0.8,0.4,-1.5,0.8,0.0,0.3,2.0,0.6,-24.0,9.0,6.0,15.0,20.0,15.0,9.0,15.0,2.0,12.0,
165,oreas24c,2021-10-31,group 2,standard,standard,1.9,1.0,2.1,1.6,2.0,3.0,72.0,2.0,272.0,9.0,5.8,0.9,80751.0,404.0,-0.1,1.3,2477.0,97.0,30.8,0.7,225.0,6.0,45.0,2.0,83481.0,282.0,1.3,1.0,11018.0,117.0,1071.0,10.0,2.8,0.7,32.0,5.0,1052.0,1401.0,1.8,1.0,18.8,0.5,767.0,295.0,-8.0,0.8,2.0,3.0,403.0,3.0,12042.0,70.0,1.6,1.2,126.0,5.0,96.9,1.9,122.4,1.5,24.0,1.0,-0.2,0.6,18.1,1.5,0.2,0.4,32.2,0.9,16.0,13.0,-9.0,21.0,-77.0,22.0,58.0,22.0,-5.0,18.0,
166,oreas45e,2021-10-31,group 2,standard,standard,3.0,1.6,16.0,3.0,0.0,3.0,97.0,3.0,275.0,12.0,43.0,3.0,645.0,52.0,1.6,1.7,8894.0,180.0,143.0,3.0,1477.0,18.0,682.0,8.0,517798.0,2356.0,3.0,1.6,7800.0,130.0,578.0,13.0,3.0,1.0,-109.0,13.0,-5791.0,1808.0,28.0,4.0,19.1,1.0,2399.0,529.0,-0.8,1.2,8.0,3.0,15.6,0.9,9146.0,84.0,14.5,1.7,254.0,8.0,53.0,2.0,211.0,2.0,23.5,1.4,5.7,0.8,10.0,2.0,1.1,0.5,25.3,1.3,-11.0,17.0,10.0,28.0,-82.0,30.0,19.0,30.0,18.0,24.0,
167,TE2-027,2021-10-31,group 2,soil,sample,1.3,1.0,36.0,3.0,7.0,3.0,-71.0,2.0,329.0,9.0,12.6,1.0,13849.0,95.0,0.9,1.4,1145.0,68.0,15.4,0.5,61.0,3.0,20.1,1.6,46183.0,152.0,-12.1,0.9,11882.0,106.0,1192.0,9.0,3.0,1.0,-35.0,3.0,-682.0,748.0,90.4,1.5,68.6,0.7,2235.0,217.0,-7.1,0.8,-4.0,3.0,380.0,3.0,6835.0,41.0,7.3,1.1,102.0,3.0,205.0,2.0,467.0,3.0,62.0,1.0,4.4,0.6,12.7,1.5,1.1,0.4,41.2,1.0,1.0,12.0,68.0,19.0,-28.0,20.0,56.0,19.0,17.0,14.0,
168,GR1-W08,2021-10-31,group 2,sediment,sample,6.0,1.2,7.0,2.0,1.0,3.0,31.0,3.0,360.0,11.0,8.0,1.1,73300.0,378.0,1.7,1.5,1797.0,104.0,29.9,0.8,33.0,4.0,23.6,1.9,78151.0,289.0,-4.0,1.2,10948.0,119.0,1779.0,13.0,1.7,1.0,-93.0,4.0,12172.0,1445.0,18.4,1.2,31.6,0.7,2981.0,317.0,-5.5,0.9,3.0,3.0,810.0,6.0,19747.0,106.0,6.3,1.5,194.0,6.0,135.0,2.0,243.0,3.0,48.3,1.2,2.0,0.7,12.1,1.6,0.8,0.5,67.0,1.2,41.0,15.0,100.0,23.0,-53.0,25.0,67.0,24.0,15.0,19.0,
169,GR1-006,2021-10-31,group 2,soil,sample,-0.2,0.8,13.0,3.0,5.0,3.0,-91.0,2.0,446.0,9.0,7.0,0.9,7884.0,63.0,0.6,1.4,414.0,50.0,9.3,0.4,44.0,3.0,11.3,1.4,28065.0,92.0,-6.0,0.8,12430.0,99.0,356.0,4.0,-1.1,1.0,-16.0,2.0,-445.0,576.0,65.9,1.3,56.0,0.6,1132.0,159.0,-4.2,0.7,-8.0,3.0,304.0,3.0,3790.0,26.0,6.2,1.0,74.0,2.0,83.2,1.6,462.0,3.0,29.5,0.9,6.2,0.6,9.5,1.2,2.3,0.4,28.5,0.9,13.0,11.0,49.0,18.0,-6.0,19.0,73.0,18.0,37.0,14.0,
170,TE2-W12,2021-10-31,group 2,sediment,sample,6.7,1.2,8.0,2.0,2.0,3.0,47.0,3.0,492.0,11.0,12.6,1.2,86229.0,446.0,-1.5,1.5,2136.0,110.0,27.1,0.8,70.0,5.0,18.4,2.0,82934.0,308.0,-17.7,1.2,11939.0,128.0,2101.0,15.0,1.8,1.1,-85.0,4.0,21048.0,1644.0,14.1,1.3,21.2,0.7,2094.0,326.0,-9.5,1.0,4.0,3.0,1723.0,11.0,21105.0,115.0,6.1,1.8,222.0,6.0,158.0,3.0,285.0,3.0,115.7,1.4,1.5,0.7,16.9,1.7,1.1,0.5,104.1,1.4,203.0,15.0,404.0,24.0,-88.0,25.0,138.0,25.0,-12.0,19.0,
171,GR1-005,2021-10-31,group 2,soil,sample,0.7,0.8,8.0,1.9,2.0,2.0,-56.0,2.0,569.0,9.0,9.2,0.9,14202.0,93.0,3.2,1.3,791.0,58.0,9.5,0.4,95.0,3.0,13.4,1.5,35256.0,114.0,-4.8,0.8,13399.0,110.0,2565.0,14.0,5.2,0.8,-6.0,3.0,1413.0,725.0,34.1,1.1,55.8,0.6,1561.0,191.0,-3.7,0.7,-13.0,2.0,368.0,3.0,3946.0,28.0,6.0,1.1,104.0,3.0,119.2,1.8,286.0,2.0,20.9,0.9,3.4,0.5,7.7,1.2,0.8,0.4,62.7,1.0,39.0,11.0,37.0,18.0,-26.0,19.0,55.0,18.0,32.0,14.0,
172,TE2-030F,2021-10-31,group 2,soil,field duplicate,-0.5,0.9,20.0,3.0,8.0,3.0,-87.0,2.0,365.0,9.0,12.8,1.0,11102.0,79.0,0.8,1.4,940.0,60.0,14.4,0.5,68.0,3.0,16.5,1.5,42277.0,135.0,-7.8,0.9,11985.0,102.0,676.0,6.0,4.4,0.9,-38.0,3.0,-408.0,686.0,61.7,1.3,63.7,0.7,2193.0,201.0,-4.8,0.7,-6.0,3.0,399.0,3.0,5646.0,35.0,4.7,1.1,96.0,3.0,136.7,1.9,363.0,3.0,44.2,1.0,7.7,0.6,10.5,1.3,2.9,0.4,33.8,0.9,19.0,12.0,40.0,18.0,0.0,19.0,51.0,18.0,6.0,14.0,
173,GR1-050,2021-10-31,group 2,soil,sample,2.1,0.9,12.0,2.0,5.0,3.0,-63.0,2.0,413.0,9.0,9.0,0.9,22763.0,133.0,2.6,1.4,1118.0,68.0,14.2,0.5,38.0,3.0,12.2,1.5,48199.0,159.0,-6.2,0.9,10133.0,99.0,808.0,7.0,3.4,0.9,-42.0,3.0,5070.0,899.0,39.7,1.2,38.4,0.6,2275.0,227.0,-4.7,0.8,-6.0,3.0,662.0,5.0,6963.0,42.0,5.9,1.2,106.0,3.0,112.8,1.9,328.0,3.0,32.6,1.0,5.1,0.6,10.9,1.3,0.8,0.4,35.9,0.9,30.0,12.0,56.0,19.0,-33.0,20.0,89.0,19.0,28.0,14.0,
174,GR1-025,2021-10-31,group 2,soil,sample,3.4,1.0,14.0,3.0,1.0,3.0,-60.0,2.0,542.0,9.0,12.5,1.0,13745.0,90.0,4.5,1.4,647.0,63.0,12.5,0.4,37.0,3.0,10.8,1.5,35552.0,118.0,-19.0,0.9,14114.0,112.0,554.0,5.0,1.1,1.1,-36.0,3.0,898.0,702.0,78.8,1.4,64.0,0.7,1981.0,195.0,-8.7,0.8,-4.0,3.0,1083.0,7.0,10032.0,52.0,10.1,1.3,123.0,3.0,89.2,1.6,470.0,3.0,98.6,1.1,3.7,0.6,17.4,1.3,2.0,0.4,34.5,1.0,25.0,12.0,79.0,18.0,-95.0,20.0,80.0,19.0,28.0,14.0,
175,TE2-W04,2021-10-31,group 2,sediment,sample,1.0,0.9,10.9,1.8,0.0,2.0,-27.0,2.0,566.0,9.0,9.6,0.9,18616.0,110.0,2.9,1.3,550.0,57.0,8.9,0.4,69.0,3.0,14.9,1.5,29451.0,98.0,-4.0,0.9,14180.0,113.0,1218.0,8.0,4.2,0.9,-7.0,3.0,977.0,722.0,23.6,1.0,60.9,0.7,1511.0,185.0,-5.5,0.7,-5.0,2.0,415.0,3.0,4320.0,29.0,8.1,1.1,96.0,3.0,196.0,2.0,368.0,3.0,27.5,0.9,1.7,0.5,9.4,1.4,0.6,0.4,52.3,1.0,30.0,12.0,76.0,18.0,-85.0,19.0,64.0,19.0,8.0,14.0,
176,TE2-029,2021-10-31,group 2,soil,sample,0.5,0.9,49.0,3.0,5.0,2.0,-63.0,2.0,466.0,9.0,8.1,0.9,12267.0,81.0,2.6,1.3,528.0,53.0,9.8,0.4,55.0,3.0,70.1,1.9,30910.0,99.0,-5.8,0.8,11971.0,99.0,549.0,5.0,-0.5,0.8,-11.0,2.0,1472.0,662.0,73.4,1.3,55.0,0.6,2036.0,184.0,-5.4,0.7,-3.0,2.0,351.0,3.0,3909.0,27.0,4.7,1.0,80.0,2.0,113.8,1.8,328.0,2.0,26.4,0.9,5.2,0.6,9.8,1.2,1.3,0.4,30.9,0.9,9.0,11.0,28.0,17.0,-15.0,18.0,95.0,18.0,24.0,14.0,
177,GR1-056,2021-10-31,group 2,soil,sample,0.6,0.8,9.6,1.9,2.0,3.0,-63.0,2.0,454.0,9.0,7.1,0.9,10110.0,77.0,1.9,1.4,654.0,59.0,12.5,0.4,46.0,3.0,6.0,1.4,36801.0,120.0,-3.8,0.9,13303.0,110.0,344.0,5.0,1.4,0.9,-35.0,3.0,2143.0,710.0,26.9,1.0,49.9,0.6,1008.0,179.0,-6.4,0.7,-8.0,3.0,392.0,3.0,5909.0,36.0,4.6,1.1,89.0,3.0,65.6,1.5,404.0,3.0,32.5,0.9,4.3,0.6,11.3,1.2,1.3,0.4,27.9,0.9,16.0,12.0,48.0,18.0,-20.0,19.0,34.0,18.0,12.0,14.0,
178,TE2-W11,2021-10-31,group 2,sediment,sample,3.7,0.9,3.8,1.8,2.0,3.0,16.0,2.0,547.0,10.0,5.2,0.9,44726.0,222.0,0.5,1.3,776.0,72.0,13.0,0.5,43.0,3.0,8.9,1.5,35634.0,123.0,-3.8,0.9,14583.0,122.0,894.0,7.0,1.5,0.8,-35.0,3.0,7455.0,1027.0,15.8,1.0,42.1,0.6,1536.0,220.0,-5.0,0.7,-1.0,3.0,645.0,4.0,9706.0,53.0,4.7,1.2,123.0,4.0,71.2,1.6,193.5,2.0,31.4,1.0,1.2,0.6,10.3,1.3,0.2,0.4,44.8,1.0,26.0,13.0,88.0,20.0,-90.0,21.0,87.0,21.0,24.0,16.0,
179,GR1-063,2021-10-31,group 2,soil,sample,1.6,1.1,22.0,3.0,5.0,3.0,-67.0,3.0,321.0,10.0,10.3,1.1,49159.0,275.0,3.3,1.6,2564.0,103.0,29.0,0.8,65.0,5.0,21.6,1.9,92820.0,331.0,-8.3,1.1,6546.0,93.0,1247.0,11.0,-0.5,1.0,-102.0,4.0,10078.0,1371.0,57.0,1.6,18.3,0.6,4485.0,345.0,-3.3,0.9,-6.0,3.0,1679.0,11.0,13777.0,81.0,7.1,1.7,177.0,5.0,174.0,3.0,181.0,3.0,59.3,1.2,5.5,0.7,10.9,1.6,2.3,0.5,53.9,1.1,45.0,14.0,141.0,21.0,27.0,22.0,91.0,22.0,41.0,16.0,
180,GR1-W10F,2021-10-31,group 2,sediment,field duplicate,1.3,0.9,10.0,2.0,3.0,3.0,-38.0,2.0,441.0,9.0,13.0,1.0,26564.0,145.0,0.5,1.4,899.0,64.0,13.2,0.5,76.0,3.0,23.2,1.6,39354.0,130.0,-6.1,0.9,11678.0,104.0,2294.0,13.0,1.0,0.9,-28.0,3.0,4360.0,874.0,36.6,1.2,51.1,0.7,2979.0,230.0,-1.5,0.8,-4.0,3.0,762.0,5.0,5641.0,36.0,6.8,1.2,109.0,3.0,197.0,2.0,280.0,2.0,40.1,1.0,4.4,0.6,6.7,1.4,1.0,0.4,84.6,1.1,52.0,12.0,89.0,19.0,-27.0,20.0,80.0,19.0,27.0,15.0,
181,GR1-031,2021-10-31,group 2,soil,sample,1.4,0.9,16.0,3.0,-1.0,3.0,-92.0,2.0,309.0,9.0,17.6,1.0,11993.0,81.0,3.4,1.4,976.0,58.0,14.5,0.5,73.0,3.0,16.5,1.5,43096.0,136.0,-17.9,0.8,10529.0,93.0,1480.0,9.0,12.4,1.0,-29.0,3.0,-2129.0,658.0,79.8,1.4,60.4,0.7,2182.0,199.0,-7.1,0.8,-11.0,3.0,272.0,3.0,4720.0,31.0,9.4,1.1,104.0,3.0,240.0,3.0,380.0,3.0,85.4,1.1,7.0,0.6,12.1,1.5,2.1,0.4,40.8,0.9,44.0,12.0,66.0,18.0,-43.0,19.0,75.0,18.0,53.0,14.0,
182,TE2-040,2021-10-31,group 2,soil,sample,0.0,0.8,10.0,2.0,5.0,3.0,-71.0,2.0,435.0,9.0,6.4,0.8,7717.0,64.0,0.5,1.4,668.0,58.0,9.7,0.4,40.0,3.0,4.3,1.4,30074.0,98.0,-3.0,0.9,11303.0,98.0,185.0,3.0,3.2,1.0,-27.0,2.0,679.0,628.0,46.9,1.1,36.5,0.5,697.0,161.0,-5.9,0.7,-10.0,3.0,343.0,3.0,6279.0,37.0,4.9,1.0,88.0,3.0,36.3,1.2,471.0,3.0,31.6,0.9,5.6,0.6,12.1,1.1,1.7,0.4,26.9,0.9,15.0,11.0,46.0,18.0,-24.0,19.0,88.0,18.0,-4.0,14.0,
183,TE2-001,2021-10-31,group 2,soil,sample,2.5,1.0,17.0,3.0,1.0,3.0,-53.0,2.0,335.0,9.0,17.2,1.1,16723.0,108.0,2.4,1.4,1249.0,70.0,17.2,0.5,96.0,4.0,20.9,1.7,50239.0,165.0,-12.5,0.9,12496.0,110.0,887.0,7.0,6.2,1.0,-38.0,3.0,435.0,802.0,85.3,1.5,52.1,0.7,1198.0,205.0,-7.2,0.8,-6.0,3.0,500.0,4.0,7427.0,44.0,6.7,1.2,118.0,3.0,163.0,2.0,398.0,3.0,67.3,1.1,5.0,0.6,14.5,1.5,1.5,0.4,56.8,1.0,40.0,12.0,76.0,19.0,-3.0,20.0,76.0,19.0,6.0,15.0,
184,GR1-051,2021-10-31,group 2,soil,sample,4.4,1.1,18.0,3.0,3.0,3.0,-42.0,2.0,341.0,10.0,9.5,1.1,30616.0,179.0,1.1,1.4,2300.0,93.0,25.0,0.7,45.0,5.0,24.2,1.8,85474.0,290.0,-8.7,1.0,7168.0,91.0,2561.0,16.0,2.7,0.9,-79.0,4.0,14034.0,1222.0,74.0,1.6,30.1,0.6,4182.0,309.0,-5.0,1.0,0.0,3.0,753.0,5.0,14136.0,78.0,3.2,1.3,194.0,5.0,302.0,3.0,212.0,2.0,51.1,1.1,3.3,0.6,13.4,1.7,0.9,0.4,45.5,1.0,37.0,13.0,106.0,20.0,-42.0,21.0,71.0,21.0,40.0,16.0,
185,TE2-050,2021-10-31,group 2,soil,sample,0.8,1.0,13.0,2.0,0.0,3.0,-45.0,2.0,454.0,10.0,7.3,1.0,22478.0,141.0,1.3,1.5,1373.0,81.0,16.4,0.6,54.0,4.0,14.2,1.7,51900.0,179.0,-4.5,1.0,11994.0,117.0,1658.0,12.0,0.0,0.9,-44.0,3.0,3455.0,957.0,49.5,1.3,58.3,0.7,1997.0,244.0,-5.5,0.8,-9.0,3.0,572.0,4.0,9863.0,58.0,4.7,1.3,130.0,4.0,174.0,2.0,315.0,3.0,38.3,1.0,3.7,0.6,11.1,1.5,1.3,0.4,37.7,1.0,26.0,13.0,63.0,20.0,-20.0,21.0,77.0,21.0,28.0,15.0,
186,GR1-010F,2021-10-31,group 2,soil,sample,1.2,0.9,22.0,3.0,3.0,3.0,-80.0,2.0,401.0,9.0,11.0,1.0,11458.0,78.0,2.5,1.4,501.0,57.0,13.2,0.4,50.0,3.0,19.0,1.6,31693.0,105.0,-6.7,0.9,9639.0,88.0,373.0,4.0,2.7,1.0,-36.0,2.0,845.0,641.0,134.8,1.7,55.9,0.7,2470.0,190.0,-5.3,0.7,-7.0,3.0,414.0,3.0,6761.0,38.0,8.2,1.1,102.0,3.0,102.5,1.7,446.0,3.0,51.5,1.0,6.4,0.6,12.0,1.3,1.0,0.4,39.2,0.9,17.0,12.0,58.0,18.0,-47.0,19.0,83.0,19.0,15.0,14.0,
187,GR1-057,2021-10-31,group 2,soil,sample,3.9,1.1,11.0,3.0,-6.0,3.0,-14.0,3.0,291.0,11.0,15.3,1.2,48268.0,288.0,0.5,1.6,2773.0,121.0,33.2,0.9,67.0,6.0,13.8,1.9,97570.0,363.0,-11.7,1.2,10642.0,126.0,1354.0,12.0,2.1,1.1,-120.0,4.0,15955.0,1530.0,32.5,1.5,25.6,0.7,2275.0,339.0,-5.4,1.0,-1.0,3.0,840.0,6.0,23491.0,133.0,3.3,1.5,259.0,7.0,214.0,3.0,314.0,3.0,76.5,1.3,2.4,0.7,10.8,1.8,0.9,0.5,70.3,1.2,60.0,15.0,191.0,23.0,-34.0,24.0,78.0,24.0,12.0,18.0,
188,TE2-050F,2021-10-31,group 2,soil,field duplicate,2.2,1.0,9.0,2.0,5.0,3.0,-38.0,3.0,472.0,10.0,8.8,1.0,29737.0,181.0,-0.1,1.5,1947.0,95.0,20.8,0.7,53.0,4.0,12.0,1.7,66142.0,233.0,-8.7,1.0,12224.0,124.0,1428.0,11.0,3.3,1.0,-64.0,4.0,3681.0,1096.0,18.0,1.1,55.4,0.8,1615.0,266.0,-5.9,0.9,-3.0,3.0,622.0,5.0,13370.0,77.0,3.5,1.3,166.0,5.0,200.0,3.0,362.0,3.0,47.7,1.1,3.5,0.6,12.4,1.6,1.4,0.4,39.9,1.0,27.0,13.0,74.0,21.0,-33.0,22.0,52.0,21.0,4.0,16.0,
189,GR1-055,2021-10-31,group 2,soil,sample,1.0,0.9,5.8,2.0,6.0,3.0,-33.0,2.0,507.0,9.0,6.9,0.9,19223.0,115.0,3.1,1.3,982.0,66.0,13.6,0.5,51.0,3.0,11.5,1.5,39002.0,128.0,-5.2,0.9,13108.0,111.0,923.0,7.0,1.1,0.9,-31.0,3.0,-191.0,763.0,35.2,1.1,46.0,0.6,1693.0,203.0,-5.4,0.7,-8.0,2.0,452.0,3.0,6941.0,41.0,5.6,1.1,104.0,3.0,100.3,1.7,405.0,3.0,29.9,0.9,2.6,0.6,10.8,1.3,0.8,0.4,30.1,0.9,-7.0,12.0,71.0,18.0,-48.0,20.0,105.0,19.0,10.0,14.0,
190,GR1-060,2021-10-31,group 2,soil,sample,5.7,1.2,25.0,3.0,9.0,3.0,-43.0,3.0,425.0,10.0,14.6,1.2,32181.0,190.0,2.2,1.6,2522.0,96.0,29.5,0.8,75.0,5.0,28.4,2.0,100672.0,355.0,-22.4,1.1,9996.0,110.0,2055.0,14.0,2.6,1.1,-102.0,4.0,5901.0,1186.0,80.2,1.8,99.3,1.0,4109.0,319.0,-5.0,1.0,3.0,3.0,1090.0,8.0,12497.0,73.0,11.3,1.6,171.0,5.0,330.0,3.0,329.0,3.0,121.2,1.4,5.1,0.7,11.4,1.9,1.6,0.5,70.6,1.2,89.0,14.0,231.0,22.0,-13.0,22.0,73.0,22.0,23.0,17.0,
191,GR1-061,2021-10-31,group 2,soil,sample,2.6,1.1,19.0,3.0,0.0,3.0,-19.0,3.0,436.0,10.0,5.0,1.1,43884.0,237.0,0.6,1.5,1786.0,91.0,21.2,0.7,50.0,4.0,13.2,1.7,71171.0,250.0,-6.7,1.1,6619.0,88.0,2323.0,15.0,-0.9,1.0,-68.0,4.0,3091.0,1142.0,56.1,1.5,18.5,0.6,2464.0,279.0,-7.7,1.0,1.0,3.0,2170.0,13.0,14106.0,78.0,6.8,1.8,146.0,5.0,256.0,3.0,189.0,3.0,61.2,1.2,3.5,0.6,17.8,1.8,0.1,0.4,49.1,1.1,45.0,13.0,127.0,21.0,-51.0,22.0,71.0,22.0,4.0,17.0,
192,GR1-061L,2021-10-31,group 2,soil,lab duplicate,3.3,1.1,17.0,3.0,4.0,3.0,-27.0,2.0,425.0,10.0,6.5,1.1,43807.0,236.0,2.1,1.4,1923.0,92.0,21.4,0.7,43.0,4.0,15.1,1.8,71061.0,249.0,-8.3,1.1,6549.0,87.0,2333.0,15.0,-0.2,1.0,-66.0,4.0,2518.0,1135.0,54.7,1.5,19.6,0.6,2911.0,286.0,-5.9,1.0,-2.0,3.0,2133.0,12.0,14041.0,77.0,5.2,1.8,152.0,5.0,258.0,3.0,183.0,3.0,61.5,1.2,2.5,0.6,13.8,1.7,1.2,0.4,47.5,1.1,36.0,13.0,121.0,21.0,-32.0,22.0,99.0,21.0,48.0,16.0,
193,GR1-010L,2021-10-31,group 2,soil,lab duplicate,1.9,0.9,22.0,3.0,5.0,3.0,-72.0,2.0,394.0,9.0,11.3,1.0,11628.0,79.0,0.4,1.4,423.0,56.0,13.0,0.4,53.0,3.0,15.9,1.5,32065.0,106.0,-8.6,0.9,9842.0,89.0,356.0,4.0,3.6,1.0,-35.0,2.0,-64.0,632.0,129.0,1.7,56.7,0.7,2056.0,184.0,-5.7,0.7,-1.0,3.0,412.0,3.0,7174.0,40.0,9.2,1.1,101.0,3.0,101.4,1.7,419.0,3.0,53.1,1.0,6.7,0.6,11.6,1.3,1.5,0.4,40.6,0.9,26.0,12.0,50.0,18.0,-62.0,19.0,80.0,19.0,14.0,14.0,
194,GR1-031L,2021-10-31,group 2,soil,lab duplicate,1.7,0.9,22.0,3.0,1.0,3.0,-84.0,2.0,304.0,9.0,17.3,1.0,12162.0,83.0,2.4,1.4,1133.0,61.0,14.2,0.5,82.0,3.0,13.9,1.5,42025.0,132.0,-17.3,0.8,10731.0,95.0,1488.0,9.0,11.6,1.0,-27.0,3.0,437.0,697.0,78.6,1.4,60.3,0.7,1853.0,194.0,-7.2,0.8,-7.0,3.0,275.0,3.0,4780.0,31.0,6.6,1.0,98.0,3.0,231.0,2.0,381.0,3.0,84.5,1.0,6.0,0.6,12.8,1.4,2.3,0.4,38.9,0.9,28.0,12.0,115.0,18.0,-10.0,19.0,41.0,18.0,29.0,14.0,
195,TE2-029L,2021-10-31,group 2,soil,lab duplicate,1.9,0.9,46.0,3.0,5.0,2.0,-64.0,2.0,473.0,9.0,7.7,0.9,12411.0,82.0,1.1,1.3,595.0,54.0,9.9,0.4,55.0,3.0,71.5,1.9,30709.0,99.0,-4.6,0.8,12262.0,100.0,553.0,5.0,1.8,0.9,-14.0,2.0,91.0,645.0,75.3,1.3,54.0,0.6,1747.0,180.0,-4.5,0.7,-9.0,2.0,352.0,3.0,3885.0,27.0,5.0,1.0,75.0,2.0,111.6,1.7,356.0,3.0,27.8,0.9,4.5,0.6,7.6,1.2,1.2,0.4,32.0,0.9,10.0,11.0,51.0,17.0,-41.0,18.0,57.0,18.0,19.0,13.0,
196,GR1-005L,2021-10-31,group 2,soil,lab duplicate,1.0,0.9,4.7,1.9,1.0,2.0,-52.0,2.0,579.0,9.0,10.1,0.9,15132.0,98.0,1.8,1.3,760.0,59.0,8.0,0.4,100.0,4.0,16.1,1.5,34861.0,112.0,-3.0,0.8,14126.0,114.0,3044.0,16.0,3.2,0.8,0.0,3.0,91.0,727.0,34.6,1.1,58.4,0.7,1662.0,197.0,-3.9,0.7,-5.0,2.0,364.0,3.0,4313.0,30.0,5.6,1.1,107.0,3.0,122.0,1.8,311.0,2.0,18.9,0.9,3.0,0.5,8.3,1.3,1.5,0.4,61.8,1.0,53.0,11.0,48.0,18.0,-73.0,19.0,86.0,18.0,11.0,14.0,
197,oreas504b,2021-11-04,group 1,standard,standard,18.0,10.0,11.0,6.0,0.0,8.0,53.0,7.0,653.0,31.0,13.0,6.0,,,2.0,4.0,,,30.0,4.0,-1238.0,293.0,9720.0,174.0,86434.0,1313.0,1.0,10.0,,,81.0,147.0,521.0,10.0,-105.0,37.0,,,18.0,7.0,97.0,5.0,,,4.0,8.0,30.0,8.0,404.0,10.0,307.0,297.0,1.0,5.0,-2360.0,328.0,191.0,25.0,130.0,5.0,8.3,1.8,-0.5,1.7,12.0,13.0,-1.4,1.3,14.0,3.0,10.0,39.0,-18.0,62.0,-116.0,67.0,58.0,66.0,-39.0,52.0,
198,oreas45d,2021-11-04,group 1,standard,standard,1.6,1.2,11.0,2.0,6.0,3.0,57.0,3.0,190.0,10.0,30.6,1.6,2048.0,51.0,0.8,1.5,5508.0,128.0,77.7,1.4,764.0,11.0,350.0,5.0,231185.0,864.0,-1.1,1.2,7322.0,105.0,556.0,10.0,2.1,0.9,-58.0,8.0,-2079.0,1300.0,21.3,1.9,41.0,0.8,2627.0,385.0,-4.1,0.9,5.0,3.0,29.9,1.0,12150.0,83.0,4.9,1.2,187.0,6.0,41.7,1.7,280.0,2.0,25.4,1.1,1.3,0.6,13.1,1.6,0.4,0.4,29.4,1.1,1.0,15.0,33.0,23.0,-34.0,24.0,2.0,24.0,-15.0,20.0,
199,sio2blank,2021-11-04,group 1,standard,standard,-0.7,0.6,-0.6,1.0,1.1,2.0,-22.1,1.7,8.0,6.0,-1.0,0.5,-471.0,6.0,-0.9,1.0,-582.0,23.0,-0.1,0.0,-3.7,0.6,-5.8,1.0,-8.0,2.0,-1.7,0.6,-137.0,13.0,0.1,0.6,0.0,0.3,0.2,1.1,364.0,292.0,-1.9,0.5,0.1,0.2,-116.0,62.0,0.0,0.4,0.0,1.9,-0.5,0.3,-14.8,1.6,-0.4,0.7,-0.6,0.3,-11.4,0.5,-0.8,0.2,0.3,0.7,0.7,0.4,-1.4,0.7,0.4,0.3,-0.8,0.6,-9.0,9.0,4.0,15.0,1.0,15.0,13.0,15.0,-7.0,12.0,
200,oreas503b,2021-11-04,group 1,standard,standard,2.8,1.1,16.0,2.0,-1.0,3.0,42.0,2.0,860.0,10.0,23.7,1.2,30427.0,176.0,1.1,1.3,1787.0,80.0,21.8,0.6,243.0,5.0,4656.0,19.0,58213.0,197.0,3.1,1.0,37316.0,235.0,576.0,7.0,337.0,3.0,-28.0,4.0,2244.0,1038.0,24.7,1.2,164.4,1.2,9441.0,360.0,1.4,0.8,14.0,3.0,358.0,3.0,4879.0,36.0,1.2,1.3,144.0,3.0,129.0,3.0,192.0,1.8,21.8,1.0,-0.1,0.6,8.4,1.5,0.5,0.4,34.4,1.1,1.0,13.0,31.0,20.0,-157.0,21.0,117.0,21.0,22.0,16.0,
201,GR1-062,2021-11-04,group 1,soil,sample,3.4,1.0,20.0,3.0,4.0,3.0,-81.0,2.0,266.0,9.0,10.3,1.0,17719.0,110.0,3.7,1.5,1763.0,75.0,20.8,0.6,45.0,4.0,10.8,1.5,69485.0,224.0,-11.5,0.9,6526.0,77.0,556.0,6.0,2.9,0.9,-71.0,3.0,14491.0,1001.0,47.8,1.3,21.7,0.5,4389.0,264.0,-3.7,0.8,-6.0,3.0,956.0,6.0,10004.0,54.0,10.2,1.3,118.0,4.0,90.5,1.7,204.0,2.0,57.3,1.0,5.2,0.6,11.1,1.3,2.5,0.4,43.4,1.0,42.0,12.0,35.0,19.0,-5.0,20.0,50.0,19.0,45.0,15.0,
202,GR1-W11,2021-11-04,group 1,sediment,sample,6.2,1.2,7.0,2.0,-4.0,3.0,60.0,3.0,478.0,11.0,11.2,1.1,53797.0,289.0,0.8,1.5,1464.0,99.0,33.1,0.8,53.0,4.0,18.4,1.9,80897.0,300.0,-9.2,1.2,14909.0,139.0,1305.0,10.0,6.5,1.4,-107.0,4.0,11879.0,1319.0,15.9,1.2,33.5,0.7,1402.0,276.0,-7.1,0.9,10.0,3.0,1002.0,7.0,20553.0,109.0,3.6,1.6,177.0,6.0,126.0,2.0,681.0,5.0,70.5,1.3,1.4,0.7,12.7,1.6,0.6,0.5,74.0,1.3,29.0,15.0,142.0,24.0,-55.0,25.0,98.0,25.0,28.0,20.0,
203,GR1-W09,2021-11-04,group 1,sediment,sample,2.7,0.9,5.4,1.7,2.0,2.0,-11.0,2.0,513.0,9.0,8.1,0.9,30563.0,161.0,2.2,1.3,915.0,67.0,7.8,0.4,49.0,3.0,9.3,1.5,35499.0,118.0,-5.9,0.9,9718.0,95.0,1384.0,9.0,0.2,0.7,-11.0,3.0,4174.0,892.0,20.4,1.0,40.9,0.6,2083.0,217.0,-4.6,0.7,2.0,2.0,929.0,6.0,6980.0,41.0,4.3,1.3,102.0,3.0,108.9,1.8,182.5,1.9,27.8,0.9,1.2,0.5,8.4,1.3,1.1,0.4,44.4,0.9,20.0,12.0,58.0,19.0,-70.0,20.0,67.0,19.0,13.0,15.0,
204,GR1-W12,2021-11-04,group 1,sediment,sample,2.1,0.9,3.7,1.6,-1.0,2.0,21.0,2.0,638.0,9.0,2.6,0.8,26359.0,139.0,2.4,1.2,268.0,57.0,8.3,0.4,38.0,3.0,7.8,1.4,23144.0,80.0,-3.7,0.9,16698.0,123.0,486.0,5.0,6.8,1.0,-13.0,2.0,3088.0,773.0,14.4,0.9,49.1,0.6,550.0,165.0,-7.3,0.7,0.0,2.0,546.0,4.0,6568.0,38.0,3.1,1.2,89.0,3.0,48.4,1.3,559.0,3.0,30.0,0.9,0.1,0.5,13.0,1.2,0.8,0.4,44.8,0.9,17.0,12.0,83.0,19.0,-59.0,20.0,101.0,20.0,6.0,15.0,
205,GR1-060F,2021-11-04,group 1,soil,field duplicate,6.4,1.2,20.0,3.0,1.0,3.0,-6.0,3.0,488.0,11.0,18.1,1.3,39209.0,230.0,2.0,1.5,2889.0,105.0,31.6,0.9,91.0,6.0,32.0,2.0,114718.0,409.0,-22.3,1.2,9734.0,113.0,2870.0,18.0,2.2,1.1,-103.0,5.0,12206.0,1375.0,76.4,1.8,85.1,1.0,3147.0,331.0,-5.9,1.1,2.0,3.0,1054.0,7.0,15609.0,90.0,1.8,1.5,212.0,6.0,361.0,4.0,353.0,3.0,128.3,1.4,3.2,0.6,10.7,1.9,0.1,0.4,85.0,1.3,155.0,14.0,279.0,22.0,-26.0,23.0,99.0,23.0,44.0,17.0,
206,TE2-053,2021-11-04,group 1,soil,sample,2.2,0.9,17.0,3.0,-1.0,3.0,-82.0,2.0,301.0,9.0,11.2,0.9,6968.0,59.0,3.5,1.4,1157.0,60.0,14.3,0.5,60.0,3.0,14.7,1.5,50013.0,154.0,-12.0,0.8,10729.0,93.0,2187.0,12.0,5.6,0.9,-36.0,3.0,3328.0,707.0,70.0,1.3,52.4,0.6,3481.0,218.0,-4.9,0.7,-2.0,3.0,309.0,3.0,6542.0,37.0,8.9,1.0,106.0,3.0,107.2,1.7,357.0,3.0,59.3,1.0,6.4,0.6,10.6,1.3,2.5,0.4,40.3,0.9,12.0,11.0,58.0,18.0,-24.0,18.0,64.0,18.0,29.0,14.0,
207,TE2-049,2021-11-04,group 1,soil,sample,1.3,1.0,17.0,3.0,1.0,3.0,-62.0,2.0,467.0,9.0,9.0,1.0,22986.0,125.0,3.6,1.4,607.0,63.0,8.9,0.4,23.0,3.0,13.9,1.6,29124.0,100.0,-8.1,0.9,10584.0,94.0,319.0,4.0,-0.8,1.0,-22.0,2.0,1662.0,747.0,65.2,1.4,34.3,0.6,2626.0,204.0,-5.8,0.8,-5.0,3.0,1853.0,10.0,9723.0,50.0,10.7,1.6,110.0,3.0,109.5,1.8,282.0,3.0,58.4,1.0,4.8,0.6,12.7,1.4,1.9,0.4,27.0,0.9,13.0,12.0,28.0,19.0,-50.0,20.0,89.0,19.0,34.0,15.0,
208,GR1-065,2021-11-04,group 1,soil,sample,2.8,1.1,25.0,3.0,7.0,3.0,-24.0,2.0,407.0,10.0,12.8,1.2,31854.0,188.0,0.6,1.5,2439.0,94.0,27.8,0.8,82.0,5.0,19.1,1.8,92581.0,319.0,-6.8,1.1,11842.0,120.0,2354.0,15.0,3.2,1.0,-83.0,4.0,6649.0,1177.0,90.9,1.8,51.2,0.7,2876.0,297.0,-5.5,1.0,-1.0,3.0,756.0,5.0,12529.0,72.0,5.5,1.4,177.0,5.0,338.0,3.0,282.0,3.0,49.4,1.1,3.3,0.6,13.3,1.8,0.9,0.4,54.6,1.1,43.0,13.0,135.0,21.0,-52.0,22.0,55.0,21.0,35.0,16.0,
209,TE2-055,2021-11-04,group 1,soil,sample,5.3,1.1,8.0,2.0,0.0,3.0,-15.0,2.0,393.0,10.0,9.7,1.1,34311.0,204.0,1.0,1.4,3005.0,106.0,29.4,0.8,48.0,5.0,18.2,1.8,97320.0,337.0,-8.8,1.1,12267.0,126.0,1268.0,11.0,1.4,1.1,-99.0,4.0,4788.0,1228.0,33.3,1.4,69.1,0.8,2319.0,305.0,-10.7,1.0,0.0,3.0,733.0,5.0,15416.0,88.0,1.6,1.4,188.0,5.0,284.0,3.0,500.0,4.0,64.4,1.2,2.0,0.6,20.7,1.8,0.7,0.4,48.4,1.1,52.0,13.0,103.0,21.0,-22.0,22.0,69.0,21.0,4.0,16.0,
210,TE2-056,2021-11-04,group 1,soil,sample,3.9,0.9,10.0,2.0,1.0,3.0,-45.0,2.0,451.0,9.0,10.0,1.0,17648.0,115.0,0.5,1.4,1408.0,76.0,18.4,0.6,63.0,4.0,23.5,1.7,53329.0,177.0,-7.1,0.9,15122.0,127.0,655.0,7.0,10.7,1.1,-46.0,3.0,203.0,846.0,38.9,1.2,51.5,0.7,1445.0,221.0,-7.7,0.8,-8.0,3.0,580.0,4.0,9649.0,55.0,2.3,1.2,140.0,4.0,98.4,1.8,434.0,3.0,48.2,1.0,3.6,0.6,13.6,1.4,0.9,0.4,43.0,1.0,35.0,12.0,77.0,19.0,-36.0,20.0,46.0,20.0,39.0,15.0,
211,GR1-W10,2021-11-04,group 1,sediment,sample,1.7,0.9,7.9,1.9,1.0,3.0,-38.0,2.0,449.0,9.0,10.5,0.9,21810.0,122.0,0.3,1.3,628.0,58.0,10.4,0.4,61.0,3.0,16.3,1.5,31941.0,105.0,-4.9,0.9,12700.0,106.0,1797.0,11.0,4.2,0.9,-13.0,3.0,2802.0,780.0,31.6,1.1,53.6,0.7,2357.0,205.0,-4.8,0.7,-5.0,2.0,606.0,4.0,4865.0,31.0,5.6,1.2,102.0,3.0,160.0,2.0,294.0,2.0,34.1,1.0,2.4,0.5,9.7,1.3,1.3,0.4,92.2,1.1,36.0,12.0,50.0,18.0,-52.0,19.0,72.0,19.0,27.0,14.0,
212,GR1-064,2021-11-04,group 1,soil,sample,5.4,1.1,17.0,3.0,4.0,3.0,-23.0,3.0,374.0,10.0,10.6,1.1,38446.0,217.0,0.0,1.5,2280.0,100.0,26.5,0.8,46.0,5.0,14.1,1.8,84604.0,295.0,-13.1,1.1,7633.0,96.0,1284.0,10.0,-0.4,1.0,-87.0,4.0,11944.0,1257.0,46.8,1.5,27.9,0.6,3301.0,304.0,-7.9,0.9,-1.0,3.0,1231.0,8.0,18865.0,100.0,2.3,1.5,189.0,5.0,160.0,2.0,286.0,3.0,96.6,1.3,2.6,0.6,16.0,1.6,1.0,0.4,56.6,1.1,87.0,14.0,149.0,21.0,-29.0,22.0,58.0,22.0,11.0,17.0,
213,GR1-058,2021-11-04,group 1,soil,sample,2.1,0.9,11.0,2.0,6.0,3.0,-38.0,2.0,411.0,9.0,6.4,0.9,9840.0,78.0,0.1,1.4,1090.0,73.0,17.9,0.5,61.0,4.0,13.6,1.6,49409.0,164.0,-6.4,0.9,11616.0,106.0,380.0,5.0,2.9,1.3,-57.0,3.0,1899.0,760.0,31.0,1.1,33.8,0.6,1309.0,201.0,-9.5,0.7,-3.0,3.0,347.0,3.0,11636.0,61.0,5.2,1.1,120.0,4.0,42.3,1.3,769.0,5.0,45.7,1.0,3.2,0.6,17.9,1.3,0.8,0.4,33.0,0.9,2.0,12.0,31.0,19.0,-48.0,20.0,79.0,20.0,12.0,15.0,added this entry after reviewing XRF data file from instrument
214,GR1-059,2021-11-04,group 1,soil,sample,0.4,0.9,14.0,3.0,-1.0,3.0,-54.0,2.0,530.0,9.0,7.0,0.9,16200.0,99.0,2.6,1.3,743.0,59.0,11.2,0.4,49.0,3.0,17.0,1.5,35049.0,114.0,-4.3,0.9,13223.0,107.0,1000.0,7.0,2.3,1.0,-20.0,3.0,-859.0,686.0,99.3,1.5,91.0,0.8,2107.0,195.0,-4.7,0.7,-2.0,2.0,507.0,4.0,5852.0,35.0,4.8,1.2,105.0,3.0,150.0,2.0,448.0,3.0,34.7,0.9,3.4,0.6,10.4,1.3,1.5,0.4,32.4,0.9,31.0,12.0,43.0,18.0,-68.0,19.0,70.0,18.0,30.0,14.0,
215,GR1-054,2021-11-04,group 1,soil,sample,1.3,0.8,7.1,2.0,1.0,2.0,-25.0,2.0,505.0,9.0,5.6,0.8,11374.0,79.0,0.7,1.3,584.0,55.0,9.6,0.4,47.0,3.0,9.4,1.4,32747.0,106.0,-5.8,0.8,13874.0,109.0,444.0,5.0,6.3,1.0,-20.0,2.0,-550.0,636.0,37.6,1.1,50.7,0.6,1150.0,171.0,-6.1,0.7,-5.0,2.0,384.0,3.0,5046.0,31.0,3.6,1.1,87.0,3.0,66.9,1.4,475.0,3.0,27.9,0.9,2.5,0.5,10.7,1.2,0.5,0.4,32.5,0.9,8.0,11.0,94.0,18.0,-58.0,19.0,58.0,19.0,37.0,14.0,
216,TE2-054,2021-11-04,group 1,soil,sample,5.0,1.2,30.0,4.0,1.0,3.0,-22.0,3.0,375.0,10.0,8.9,1.2,39870.0,229.0,3.1,1.5,2675.0,103.0,27.5,0.8,61.0,5.0,34.0,2.0,103198.0,361.0,-7.0,1.2,11061.0,118.0,3173.0,19.0,2.0,0.9,-79.0,4.0,5875.0,1275.0,158.0,2.0,38.2,0.7,4409.0,339.0,-7.4,1.1,9.0,3.0,803.0,6.0,16944.0,94.0,0.5,1.4,234.0,6.0,371.0,4.0,245.0,2.0,67.4,1.2,2.8,0.6,17.9,2.0,0.8,0.4,54.7,1.1,30.0,13.0,110.0,21.0,-13.0,22.0,74.0,22.0,28.0,16.0,
217,TE2-051,2021-11-04,group 1,soil,sample,5.0,1.2,27.0,3.0,-4.0,3.0,-12.0,3.0,410.0,10.0,12.9,1.3,42195.0,241.0,3.3,1.5,2691.0,107.0,28.1,0.9,67.0,5.0,23.2,2.0,101408.0,364.0,-16.4,1.2,11518.0,122.0,1817.0,13.0,1.6,1.1,-91.0,4.0,11305.0,1341.0,99.7,1.9,64.2,0.9,2985.0,320.0,-7.5,1.0,6.0,3.0,1208.0,8.0,19009.0,104.0,-0.1,1.6,218.0,6.0,261.0,3.0,316.0,3.0,106.3,1.3,2.2,0.6,17.1,1.9,1.3,0.4,70.6,1.3,67.0,14.0,231.0,22.0,-64.0,23.0,20.0,22.0,12.0,17.0,
218,GR1-053,2021-11-04,group 1,soil,sample,6.0,1.1,10.0,2.0,5.0,3.0,4.0,3.0,430.0,10.0,24.4,1.2,29963.0,177.0,0.2,1.4,2171.0,90.0,24.2,0.7,86.0,5.0,11.6,1.8,80904.0,281.0,-19.2,1.1,13570.0,127.0,1903.0,13.0,0.7,1.1,-76.0,4.0,5766.0,1112.0,37.7,1.4,52.7,0.8,1787.0,267.0,-8.2,1.0,5.0,3.0,689.0,5.0,11564.0,67.0,2.7,1.4,165.0,5.0,313.0,3.0,491.0,4.0,110.4,1.3,1.1,0.6,14.2,1.8,0.0,0.4,82.4,1.2,84.0,14.0,240.0,22.0,-4.0,22.0,88.0,22.0,19.0,17.0,added this entry after reviewing XRF data file from instrument
219,TE2-009,2021-11-04,group 1,soil,sample,2.4,0.9,11.0,2.0,4.0,3.0,-35.0,2.0,441.0,9.0,12.0,1.0,14027.0,94.0,2.8,1.3,953.0,63.0,14.1,0.5,83.0,3.0,17.3,1.6,41787.0,136.0,-9.8,0.9,15713.0,122.0,769.0,7.0,3.5,0.9,-18.0,3.0,1716.0,751.0,45.5,1.2,71.5,0.7,1881.0,202.0,-6.4,0.7,2.0,2.0,464.0,3.0,6084.0,37.0,5.2,1.1,103.0,3.0,112.9,1.8,300.0,2.0,47.7,1.0,2.9,0.6,10.7,1.3,1.2,0.4,39.6,0.9,40.0,12.0,83.0,18.0,-38.0,19.0,101.0,19.0,26.0,15.0,bag unlabelled; we believe it is TE2-009 as that sample ID is otherwise not present in this spreadsheet
220,TE2-052,2021-11-04,group 1,soil,sample,3.0,1.0,17.0,2.0,-2.0,3.0,-38.0,2.0,683.0,10.0,14.6,1.0,16154.0,98.0,4.3,1.4,404.0,58.0,7.1,0.4,30.0,3.0,21.7,1.7,26080.0,90.0,-18.0,1.0,15973.0,118.0,659.0,6.0,1.7,1.1,-11.0,2.0,2187.0,691.0,58.3,1.3,53.6,0.7,1668.0,179.0,-8.8,0.7,0.0,3.0,1698.0,9.0,7925.0,42.0,6.9,1.5,112.0,3.0,76.3,1.5,440.0,3.0,109.6,1.2,2.3,0.6,16.0,1.3,1.4,0.4,28.7,0.9,8.0,12.0,54.0,18.0,-77.0,20.0,81.0,19.0,10.0,14.0,
221,GR1-060FL,2021-11-04,group 1,soil,lab duplicate,3.5,1.2,24.0,3.0,3.0,3.0,-9.0,3.0,475.0,11.0,16.3,1.3,32857.0,198.0,2.0,1.5,2996.0,104.0,30.3,0.9,79.0,5.0,35.0,2.0,113572.0,406.0,-20.3,1.2,9868.0,112.0,2851.0,18.0,2.2,1.1,-99.0,4.0,7865.0,1261.0,85.8,1.9,93.7,1.0,3092.0,318.0,-7.5,1.1,2.0,3.0,1071.0,7.0,14140.0,82.0,6.6,1.6,195.0,5.0,369.0,4.0,341.0,3.0,120.7,1.4,3.5,0.7,15.9,2.0,1.3,0.5,74.5,1.3,131.0,14.0,316.0,23.0,-57.0,23.0,87.0,23.0,-24.0,17.0,
222,TE2-052L,2021-11-04,group 1,soil,lab duplicate,4.0,1.0,20.0,2.0,3.0,3.0,-40.0,2.0,707.0,10.0,13.6,1.0,16508.0,98.0,3.5,1.3,518.0,59.0,7.5,0.4,31.0,3.0,22.9,1.7,28477.0,96.0,-17.4,0.9,15899.0,116.0,924.0,7.0,0.6,1.1,-15.0,2.0,1763.0,691.0,61.6,1.3,54.1,0.7,1966.0,185.0,-9.8,0.7,-1.0,2.0,1668.0,9.0,8119.0,43.0,6.4,1.5,120.0,3.0,85.9,1.6,457.0,3.0,100.9,1.1,2.7,0.6,17.5,1.3,0.8,0.4,29.0,0.9,15.0,12.0,38.0,18.0,-84.0,19.0,101.0,19.0,19.0,14.0,
